0.0,0,0.0,0.738,1.0,0.0,0.0,0.0,2.01,2.06,4.97
1.0,0,0.0,0.738,1.0,1.0,0.0,0.0,2.4683,1.6591,5.5298
2.0,0,0.0,0.738,1.0,2.0,0.0,0.0,3.0983,1.4003,5.3281
3.0,0,0.0,0.738,1.0,3.0,0.0,0.0,2.0111,1.9646,5.4456
4.0,0,0.0,0.738,1.0,3.0,1.0,0.0,1.8512,2.1068,5.3698
5.0,0,0.0,0.738,1.0,3.0,2.0,0.0,1.6365,1.9579,5.3458
6.0,1,0.0,0.664,0.0,0.0,0.0,0.0,2.02,2.01,4.99
7.0,1,0.0,0.664,0.0,0.0,1.0,0.0,2.0776,2.7088,5.5124
8.0,1,0.0,0.664,0.0,0.0,2.0,0.0,2.5172,2.9432,5.053
9.0,1,0.0,0.664,0.0,1.0,2.0,0.0,2.8063,1.7287,4.8562
10.0,1,0.0,0.513,1.0,0.0,0.0,1.0,1.93,2.07,4.99
11.0,1,0.0,0.513,1.0,1.0,0.0,1.0,2.3477,1.3062,5.4982
12.0,1,0.0,0.708,0.0,0.0,0.0,2.0,1.91,1.92,4.93
13.0,1,0.0,0.708,0.0,0.0,1.0,2.0,1.5615,3.15,5.4704
14.0,1,0.0,0.708,0.0,0.0,2.0,2.0,2.3935,2.9196,5.4874
15.0,0,0.0,0.689,0.0,0.0,0.0,0.0,2.06,1.98,5.05
16.0,0,0.0,0.689,0.0,0.0,1.0,0.0,1.6431,2.7062,5.4731
17.0,0,0.0,0.689,0.0,0.0,2.0,0.0,1.9714,2.2015,5.0401
18.0,0,0.0,0.831,0.0,0.0,0.0,1.0,1.99,2.04,5.05
19.0,0,0.0,0.831,0.0,0.0,1.0,1.0,0.7564,3.0198,5.4693
20.0,0,0.0,0.831,0.0,0.0,2.0,1.0,1.6967,1.9532,4.8668
21.0,0,0.0,0.761,1.0,0.0,0.0,2.0,1.95,2.1,5.02
22.0,0,0.0,0.761,1.0,0.0,1.0,2.0,1.6992,2.2815,5.3731
23.0,0,0.0,0.761,1.0,0.0,2.0,2.0,1.0109,2.8783,5.4762
24.0,0,0.0,0.761,1.0,1.0,2.0,2.0,2.3033,2.6454,5.3571
25.0,0,0.0,0.761,1.0,2.0,2.0,2.0,2.8374,2.1136,5.2401
26.0,0,0.0,0.642,0.0,0.0,0.0,0.0,2.04,2.04,4.95
27.0,1,0.0,0.806,1.0,0.0,0.0,0.0,2.03,2.08,5.05
28.0,1,0.0,0.806,1.0,0.0,1.0,0.0,1.5603,2.9831,5.4157
29.0,1,0.0,0.806,1.0,0.0,2.0,0.0,2.0471,2.4071,4.9327
30.0,1,0.0,0.806,1.0,1.0,2.0,0.0,2.1175,3.3329,5.1505
31.0,1,0.0,0.738,1.0,0.0,0.0,1.0,2.09,2.04,5.0
32.0,1,0.0,0.738,1.0,1.0,0.0,1.0,2.4975,3.7688,5.3973
33.0,1,0.0,0.738,1.0,2.0,0.0,1.0,2.1812,3.7384,4.9134
34.0,1,0.0,0.738,1.0,3.0,0.0,1.0,1.4937,3.2413,5.2756
35.0,1,0.0,0.738,1.0,3.0,1.0,1.0,1.4962,3.2421,5.3199
36.0,1,0.0,0.738,1.0,3.0,2.0,1.0,1.6701,3.1642,5.2645
37.0,1,0.0,0.738,1.0,3.0,3.0,1.0,1.771,2.9061,5.284
38.0,1,0.0,0.738,1.0,3.0,4.0,1.0,1.5537,2.7186,5.381
39.0,3,0.0,0.664,0.0,0.0,0.0,1.0,1.93,2.01,5.02
40.0,3,0.0,0.664,0.0,0.0,1.0,1.0,2.3558,1.9466,5.4331
41.0,3,0.0,0.664,0.0,1.0,1.0,1.0,2.5374,3.1694,5.4523
42.0,5,0.0,0.513,1.0,0.0,0.0,2.0,1.91,1.94,4.91
43.0,5,0.0,0.513,1.0,0.0,1.0,2.0,1.9462,3.4149,5.3068
44.0,5,0.0,0.513,1.0,1.0,1.0,2.0,2.0259,2.04,5.3554
45.0,5,0.0,0.513,1.0,1.0,2.0,2.0,1.4378,2.8608,5.4503
46.0,2,-2.0,0.708,0.0,0.0,0.0,2.0,2.09,2.1,5.01
47.0,2,-2.0,0.708,0.0,1.0,0.0,2.0,2.03,2.0838,4.6774
48.0,0,-2.0,0.689,0.0,0.0,0.0,0.0,1.99,1.92,5.07
49.0,0,-2.0,0.689,0.0,1.0,0.0,0.0,3.0483,1.6623,5.0883
50.0,1,-2.0,0.831,0.0,0.0,0.0,0.0,1.9,1.94,5.09
51.0,1,-2.0,0.831,0.0,1.0,0.0,0.0,1.0855,3.8148,5.2217
52.0,1,-2.0,0.831,0.0,1.0,1.0,0.0,1.2582,2.8781,4.6953
53.0,1,-2.0,0.831,0.0,2.0,1.0,0.0,2.05,2.7599,4.5686
54.0,1,-2.0,0.831,0.0,2.0,2.0,0.0,1.3321,2.9265,4.8418
55.0,1,-2.0,0.761,1.0,0.0,0.0,1.0,2.09,1.97,5.08
56.0,1,-2.0,0.761,1.0,0.0,1.0,1.0,1.4005,2.827,4.8519
57.0,1,-2.0,0.761,1.0,0.0,2.0,1.0,1.4942,2.8368,5.1686
58.0,1,-2.0,0.642,0.0,0.0,0.0,2.0,2.09,2.08,4.95
59.0,1,-2.0,0.642,0.0,0.0,1.0,2.0,2.9451,2.2747,4.5365
60.0,1,-2.0,0.642,0.0,0.0,2.0,2.0,1.5917,1.6699,4.7522
61.0,1,-2.0,0.642,0.0,1.0,2.0,2.0,1.7261,2.9657,5.0024
62.0,1,-2.0,0.642,0.0,1.0,3.0,2.0,1.6581,2.4873,4.9345
63.0,0,-2.0,0.806,1.0,0.0,0.0,0.0,2.08,2.02,4.91
64.0,0,-2.0,0.806,1.0,0.0,1.0,0.0,3.2906,1.5832,4.7868
65.0,0,-2.0,0.806,1.0,1.0,1.0,0.0,2.0,2.4493,5.0829
66.0,0,-2.0,0.806,1.0,2.0,1.0,0.0,1.6896,1.9384,5.2865
67.0,0,-2.0,0.806,1.0,2.0,2.0,0.0,1.9722,1.9909,5.0916
68.0,0,-2.0,0.738,1.0,0.0,0.0,1.0,2.06,1.99,4.95
69.0,0,-2.0,0.738,1.0,0.0,1.0,1.0,2.3713,2.7078,4.7735
70.0,0,-2.0,0.738,1.0,0.0,2.0,1.0,2.4767,2.1947,4.7988
71.0,0,-2.0,0.664,0.0,0.0,0.0,2.0,1.97,1.98,5.05
72.0,0,-2.0,0.664,0.0,0.0,1.0,2.0,2.5152,2.4722,5.0814
73.0,0,-2.0,0.664,0.0,1.0,1.0,2.0,2.4675,3.2026,5.2994
74.0,0,-2.0,0.664,0.0,1.0,2.0,2.0,2.2472,2.5195,4.9903
75.0,0,-2.0,0.664,0.0,2.0,2.0,2.0,1.8822,1.8924,5.0736
76.0,0,-2.0,0.513,1.0,0.0,0.0,0.0,1.95,1.95,5.05
77.0,0,-2.0,0.513,1.0,0.0,1.0,0.0,1.8131,2.8719,5.199
78.0,0,-2.0,0.513,1.0,1.0,1.0,0.0,2.8217,1.9635,5.0245
79.0,0,-2.0,0.708,0.0,0.0,0.0,1.0,1.95,1.96,4.92
80.0,0,-2.0,0.708,0.0,0.0,1.0,1.0,2.0011,3.651,5.0883
81.0,0,-2.0,0.708,0.0,0.0,2.0,1.0,1.158,2.2699,4.8725
82.0,0,-2.0,0.708,0.0,1.0,2.0,1.0,1.1052,3.3585,5.1644
83.0,0,-2.0,0.689,0.0,0.0,0.0,2.0,2.03,1.99,4.97
84.0,2,-2.0,0.831,0.0,0.0,0.0,2.0,1.91,2.06,5.01
85.0,2,-2.0,0.831,0.0,1.0,0.0,2.0,1.7295,4.4638,5.3653
86.0,2,-2.0,0.831,0.0,1.0,1.0,2.0,1.3774,4.1012,5.4153
87.0,2,-3.0,0.761,1.0,0.0,0.0,2.0,2.06,1.95,4.96
88.0,2,-3.0,0.761,1.0,0.0,1.0,2.0,1.4062,2.0579,5.3199
89.0,2,-3.0,0.761,1.0,1.0,1.0,2.0,1.5059,3.3062,5.3184
90.0,2,-3.0,0.761,1.0,1.0,2.0,2.0,1.289,2.8926,5.0356
91.0,2,-3.0,0.761,1.0,1.0,3.0,2.0,1.5518,2.9968,5.1719
92.0,2,-3.0,0.761,1.0,2.0,3.0,2.0,1.402,2.5512,5.2185
0.0,0,0.0,0.721,0.0,0.0,0.0,0.0,1.98,2.0,5.08
1.0,0,0.0,0.686,1.0,0.0,0.0,1.0,2.03,1.94,4.91
2.0,0,0.0,0.686,1.0,0.0,1.0,1.0,1.9001,3.0736,5.4413
3.0,0,0.0,0.686,1.0,0.0,2.0,1.0,1.8714,3.3256,5.3866
4.0,0,0.0,0.848,1.0,0.0,0.0,2.0,2.02,1.98,5.0
5.0,0,0.0,0.72,1.0,0.0,0.0,0.0,1.97,2.03,4.99
6.0,0,0.0,0.72,1.0,0.0,1.0,0.0,2.2931,2.3849,5.3535
7.0,0,0.0,0.671,0.0,0.0,0.0,1.0,2.01,2.05,5.08
8.0,0,0.0,0.671,0.0,1.0,0.0,1.0,1.9533,3.7898,5.0445
9.0,0,0.0,0.671,0.0,2.0,0.0,1.0,2.7058,3.0316,5.4233
10.0,1,0.0,0.707,1.0,0.0,0.0,1.0,2.01,2.07,5.05
11.0,1,0.0,0.707,1.0,0.0,1.0,1.0,2.6049,2.2369,5.5566
12.0,1,0.0,0.707,1.0,0.0,2.0,1.0,1.552,2.3865,5.5151
13.0,1,0.0,0.707,1.0,1.0,2.0,1.0,2.4938,2.6419,5.4366
14.0,1,0.0,0.773,0.0,0.0,0.0,2.0,2.01,2.08,4.91
15.0,4,0.0,0.755,1.0,0.0,0.0,2.0,2.03,2.06,5.08
16.0,4,0.0,0.755,1.0,0.0,1.0,2.0,2.6454,2.7735,4.7408
17.0,4,0.0,0.755,1.0,1.0,1.0,2.0,2.0685,3.6,5.2339
18.0,4,0.0,0.755,1.0,1.0,2.0,2.0,2.4983,2.9215,5.3653
19.0,4,0.0,0.755,1.0,1.0,3.0,2.0,2.0928,3.2649,5.4731
20.0,4,0.0,0.755,1.0,1.0,4.0,2.0,2.0202,3.1262,5.0915
21.0,4,0.0,0.755,1.0,1.0,5.0,2.0,2.2225,3.0984,5.2262
22.0,4,0.0,0.755,1.0,1.0,6.0,2.0,2.328,3.171,5.2267
23.0,4,0.0,0.755,1.0,2.0,6.0,2.0,2.482,2.4996,5.4124
24.0,0,0.0,0.464,0.0,0.0,0.0,0.0,2.02,1.97,5.04
25.0,0,0.0,0.464,0.0,1.0,0.0,0.0,1.98,3.3939,4.5529
26.0,0,0.0,0.464,0.0,1.0,1.0,0.0,1.4319,2.8654,5.1471
27.0,0,0.0,0.464,0.0,2.0,1.0,0.0,2.4446,1.7165,4.9852
28.0,0,0.0,0.464,0.0,2.0,2.0,0.0,1.9976,1.945,5.1067
29.0,0,0.0,0.721,0.0,0.0,0.0,1.0,1.9,1.97,4.97
30.0,0,0.0,0.721,0.0,0.0,1.0,1.0,2.711,3.1599,5.2984
31.0,0,0.0,0.721,0.0,1.0,1.0,1.0,2.9556,3.7127,5.1281
32.0,0,0.0,0.686,1.0,0.0,0.0,2.0,1.92,1.9,5.01
33.0,0,0.0,0.686,1.0,0.0,1.0,2.0,0.7624,2.7894,5.4977
34.0,0,0.0,0.686,1.0,0.0,2.0,2.0,1.7472,3.2092,5.4446
35.0,0,0.0,0.686,1.0,1.0,2.0,2.0,2.6214,2.6911,5.4046
36.0,0,0.0,0.686,1.0,1.0,3.0,2.0,2.5686,2.8529,5.5085
37.0,0,0.0,0.848,1.0,0.0,0.0,0.0,2.03,2.07,5.03
38.0,0,0.0,0.848,1.0,0.0,1.0,0.0,2.3354,2.8612,5.4715
39.0,0,0.0,0.848,1.0,0.0,2.0,0.0,2.3165,2.5198,5.3507
40.0,0,0.0,0.848,1.0,0.0,3.0,0.0,2.0215,2.143,5.082
41.0,0,0.0,0.848,1.0,1.0,3.0,0.0,1.9821,3.0023,5.2926
42.0,0,0.0,0.848,1.0,1.0,4.0,0.0,1.8956,2.9653,5.4341
43.0,0,0.0,0.72,1.0,0.0,0.0,1.0,2.09,2.05,4.94
44.0,0,0.0,0.72,1.0,0.0,1.0,1.0,1.9752,2.9906,5.4542
45.0,0,0.0,0.72,1.0,0.0,2.0,1.0,1.7315,2.6959,5.4811
46.0,0,0.0,0.72,1.0,1.0,2.0,1.0,2.5091,2.1181,5.146
47.0,0,0.0,0.72,1.0,1.0,3.0,1.0,2.4021,2.7511,5.297
48.0,0,0.0,0.72,1.0,1.0,4.0,1.0,2.4823,2.867,5.3279
49.0,0,0.0,0.671,0.0,0.0,0.0,2.0,1.91,1.96,5.07
50.0,0,0.0,0.671,0.0,1.0,0.0,2.0,2.04,3.1328,5.4835
51.0,0,0.0,0.671,0.0,1.0,1.0,2.0,2.9024,1.5148,4.9049
52.0,0,0.0,0.671,0.0,2.0,1.0,2.0,2.0636,2.6205,5.1063
53.0,0,-1.0,0.707,1.0,0.0,0.0,2.0,1.97,2.0,5.03
54.0,0,-1.0,0.707,1.0,0.0,1.0,2.0,0.6352,2.0264,5.4046
55.0,0,-1.0,0.707,1.0,1.0,1.0,2.0,1.3544,1.2127,5.0233
56.0,0,-1.0,0.773,0.0,0.0,0.0,0.0,1.96,2.07,4.92
57.0,0,-1.0,0.773,0.0,0.0,1.0,0.0,2.8612,3.298,5.1045
58.0,1,-1.0,0.755,1.0,0.0,0.0,0.0,2.03,2.04,5.03
59.0,1,-1.0,0.755,1.0,1.0,0.0,0.0,3.0734,1.8278,4.7468
60.0,1,-1.0,0.755,1.0,1.0,1.0,0.0,2.1654,2.1859,5.143
61.0,1,-1.0,0.755,1.0,2.0,1.0,0.0,2.4635,2.7772,4.9583
62.0,5,-1.0,0.464,0.0,0.0,0.0,0.0,2.08,1.96,5.07
63.0,5,-1.0,0.464,0.0,1.0,0.0,0.0,1.6776,3.6033,5.1739
64.0,5,-1.0,0.464,0.0,2.0,0.0,0.0,2.7784,2.1887,5.1374
65.0,5,-1.0,0.464,0.0,3.0,0.0,0.0,1.8991,2.8701,5.1592
66.0,5,-1.0,0.464,0.0,3.0,1.0,0.0,1.8743,2.8218,5.2482
67.0,3,-2.0,0.721,0.0,0.0,0.0,1.0,1.97,1.97,4.98
68.0,3,-2.0,0.721,0.0,1.0,0.0,1.0,2.3318,1.777,4.6874
69.0,3,-2.0,0.721,0.0,1.0,1.0,1.0,1.8215,1.9177,4.9586
70.0,3,-2.0,0.721,0.0,1.0,2.0,1.0,2.1321,2.51,5.2229
71.0,3,-2.0,0.721,0.0,2.0,2.0,1.0,1.5655,2.4026,5.0551
72.0,0,-3.0,0.686,1.0,0.0,0.0,2.0,1.94,2.07,5.1
73.0,0,-3.0,0.686,1.0,0.0,1.0,2.0,1.7325,3.8277,5.4424
74.0,0,-3.0,0.686,1.0,1.0,1.0,2.0,2.04,3.7688,5.3669
75.0,0,-3.0,0.686,1.0,1.0,2.0,2.0,1.4681,2.8745,5.0977
76.0,0,-3.0,0.848,1.0,0.0,0.0,0.0,2.01,2.1,4.94
77.0,0,-3.0,0.848,1.0,0.0,1.0,0.0,2.3025,3.4361,5.2579
78.0,0,-3.0,0.848,1.0,0.0,2.0,0.0,1.6513,2.2329,5.0158
79.0,0,-3.0,0.848,1.0,0.0,3.0,0.0,1.5894,2.7866,4.9468
80.0,0,-3.0,0.72,1.0,0.0,0.0,1.0,1.94,2.1,5.03
81.0,0,-3.0,0.671,0.0,0.0,0.0,2.0,2.0,1.91,5.06
82.0,0,-3.0,0.671,0.0,1.0,0.0,2.0,3.1302,3.0538,5.4715
83.0,0,-3.0,0.671,0.0,1.0,1.0,2.0,2.4714,3.5168,5.2982
84.0,0,-3.0,0.671,0.0,2.0,1.0,2.0,1.6253,2.85,4.9541
85.0,0,-3.0,0.671,0.0,2.0,2.0,2.0,1.6519,2.3617,4.8584
86.0,0,-3.0,0.707,1.0,0.0,0.0,0.0,1.98,1.96,5.08
87.0,0,-3.0,0.707,1.0,1.0,0.0,0.0,1.99,2.725,5.3821
88.0,0,-3.0,0.707,1.0,1.0,1.0,0.0,1.018,2.5651,5.286
89.0,0,-3.0,0.707,1.0,1.0,2.0,0.0,1.7221,3.0391,5.403
90.0,0,-3.0,0.707,1.0,1.0,3.0,0.0,1.5757,2.7737,5.2087
91.0,0,-3.0,0.707,1.0,2.0,3.0,0.0,1.4481,2.3783,5.1797
92.0,1,-3.0,0.773,0.0,0.0,0.0,0.0,1.91,2.03,5.06
93.0,1,-3.0,0.773,0.0,1.0,0.0,0.0,2.279,1.0198,4.8786
94.0,1,-3.0,0.773,0.0,2.0,0.0,0.0,2.02,2.3851,4.8825
95.0,1,-3.0,0.773,0.0,3.0,0.0,0.0,1.3079,3.0772,4.9564
96.0,3,-3.0,0.755,1.0,0.0,0.0,0.0,1.95,2.08,5.1
97.0,3,-3.0,0.755,1.0,1.0,0.0,0.0,2.7678,2.3967,5.4531
98.0,3,-3.0,0.755,1.0,1.0,1.0,0.0,2.1293,2.672,5.4623
99.0,3,-3.0,0.755,1.0,1.0,2.0,0.0,2.3227,2.3432,5.0063
100.0,3,-3.0,0.464,0.0,0.0,0.0,1.0,1.91,1.96,5.0
101.0,4,-3.0,0.721,0.0,0.0,0.0,2.0,1.9,2.1,4.97
102.0,4,-3.0,0.721,0.0,0.0,1.0,2.0,1.9662,3.3928,5.1834
103.0,4,-3.0,0.721,0.0,1.0,1.0,2.0,2.7111,1.1519,4.8403
104.0,4,-3.0,0.721,0.0,2.0,1.0,2.0,2.4456,1.2854,4.8935
105.0,4,-3.0,0.721,0.0,3.0,1.0,2.0,2.5616,2.2897,5.0562
106.0,4,-3.0,0.721,0.0,3.0,2.0,2.0,2.4507,2.3338,5.1392
0.0,0,0.0,0.805,0.0,0.0,0.0,0.0,1.93,2.04,5.06
1.0,0,0.0,0.805,0.0,0.0,1.0,0.0,1.5106,3.691,5.608
2.0,0,0.0,0.805,0.0,0.0,2.0,0.0,2.3764,3.0292,5.6342
3.0,0,0.0,0.805,0.0,0.0,3.0,0.0,2.2668,3.0841,5.5806
4.0,0,0.0,0.809,0.0,0.0,0.0,1.0,1.99,1.92,5.03
5.0,0,0.0,0.809,0.0,0.0,1.0,1.0,1.7603,1.9587,5.6312
6.0,0,0.0,0.573,1.0,0.0,0.0,2.0,1.92,2.04,5.05
7.0,1,0.0,0.703,0.0,0.0,0.0,2.0,1.93,2.06,5.07
8.0,1,0.0,0.703,0.0,1.0,0.0,2.0,1.0813,2.7951,5.4865
9.0,3,0.0,0.741,1.0,0.0,0.0,2.0,1.95,2.02,5.01
10.0,3,0.0,0.741,1.0,1.0,0.0,2.0,2.03,1.1478,4.9275
11.0,3,0.0,0.741,1.0,1.0,1.0,2.0,1.1283,2.4557,5.366
12.0,3,0.0,0.741,1.0,1.0,2.0,2.0,1.1649,2.7648,5.527
13.0,3,0.0,0.741,1.0,2.0,2.0,2.0,2.03,2.4349,5.2866
14.0,3,0.0,0.741,1.0,2.0,3.0,2.0,2.0242,2.3891,5.1422
15.0,3,0.0,0.741,1.0,2.0,4.0,2.0,1.9652,2.611,5.36
16.0,0,0.0,0.588,0.0,0.0,0.0,0.0,1.98,1.96,5.01
17.0,0,0.0,0.588,0.0,0.0,1.0,0.0,2.296,2.8466,5.5402
18.0,0,0.0,0.588,0.0,1.0,1.0,0.0,2.2838,1.4084,5.2365
19.0,0,0.0,0.588,0.0,2.0,1.0,0.0,2.2247,1.1774,5.0883
20.0,0,0.0,0.588,0.0,2.0,2.0,0.0,2.2435,1.9497,5.2878
21.0,0,0.0,0.588,0.0,3.0,2.0,0.0,2.0451,1.8987,5.1455
22.0,0,0.0,0.588,1.0,0.0,0.0,1.0,2.03,1.92,5.04
23.0,0,0.0,0.588,1.0,0.0,1.0,1.0,3.2545,0.5899,4.8538
24.0,0,0.0,0.588,1.0,0.0,2.0,1.0,2.5183,1.5764,4.8306
25.0,0,0.0,0.588,1.0,1.0,2.0,1.0,2.7859,1.5577,4.8906
26.0,0,0.0,0.588,1.0,1.0,3.0,1.0,2.2117,2.1869,5.2103
27.0,0,0.0,0.534,1.0,0.0,0.0,2.0,1.91,2.02,5.1
28.0,0,0.0,0.534,1.0,0.0,1.0,2.0,3.2272,1.5039,4.836
29.0,0,0.0,0.534,1.0,0.0,2.0,2.0,2.2012,2.6135,5.3906
30.0,0,0.0,0.534,1.0,1.0,2.0,2.0,1.99,2.0776,5.0356
31.0,0,0.0,0.534,1.0,1.0,3.0,2.0,1.3938,2.7914,5.1828
32.0,0,0.0,0.534,1.0,2.0,3.0,2.0,1.5366,3.3873,5.2934
33.0,0,0.0,0.844,1.0,0.0,0.0,0.0,2.01,2.1,4.95
34.0,0,0.0,0.844,1.0,0.0,1.0,0.0,2.4415,2.4283,4.8133
35.0,0,0.0,0.844,1.0,1.0,1.0,0.0,1.95,2.6838,5.2616
36.0,0,0.0,0.844,1.0,2.0,1.0,0.0,1.0855,2.5709,5.2447
37.0,0,0.0,0.844,1.0,3.0,1.0,0.0,2.02,2.7821,5.2798
38.0,1,0.0,0.805,0.0,0.0,0.0,0.0,2.07,1.94,5.1
39.0,1,0.0,0.805,0.0,0.0,1.0,0.0,1.5113,2.3971,4.9464
40.0,1,0.0,0.805,0.0,0.0,2.0,0.0,1.5165,3.1222,5.4041
41.0,1,0.0,0.809,0.0,0.0,0.0,1.0,1.96,2.09,5.01
42.0,1,0.0,0.809,0.0,1.0,0.0,1.0,2.2779,1.6567,5.0558
43.0,1,0.0,0.573,1.0,0.0,0.0,2.0,2.03,1.99,5.02
44.0,1,0.0,0.573,1.0,0.0,1.0,2.0,1.4488,3.1794,5.5813
45.0,1,0.0,0.573,1.0,1.0,1.0,2.0,2.7051,2.8488,5.1206
46.0,1,0.0,0.573,1.0,1.0,2.0,2.0,2.767,2.7706,5.0488
47.0,0,1.0,0.703,0.0,0.0,0.0,0.0,1.94,2.09,5.09
48.0,0,1.0,0.703,0.0,0.0,1.0,0.0,2.3557,2.1208,5.4855
49.0,0,1.0,0.703,0.0,1.0,1.0,0.0,2.0285,1.4061,5.2596
50.0,1,1.0,0.741,1.0,0.0,0.0,0.0,2.08,2.03,5.09
51.0,1,1.0,0.741,1.0,0.0,1.0,0.0,1.4745,2.1758,5.4151
52.0,1,1.0,0.741,1.0,1.0,1.0,0.0,2.5317,1.5453,5.1567
53.0,1,1.0,0.741,1.0,1.0,2.0,0.0,2.4631,1.7683,4.8853
54.0,1,1.0,0.588,0.0,0.0,0.0,1.0,1.98,1.93,4.9
55.0,1,1.0,0.588,0.0,1.0,0.0,1.0,2.02,0.8334,4.8157
56.0,1,1.0,0.588,0.0,2.0,0.0,1.0,1.96,2.2163,4.9321
57.0,1,1.0,0.588,0.0,2.0,1.0,1.0,1.2484,1.9429,4.9732
58.0,1,1.0,0.588,0.0,3.0,1.0,1.0,1.97,2.7051,5.0962
59.0,1,1.0,0.588,0.0,3.0,2.0,1.0,1.4316,2.593,4.9934
60.0,3,1.0,0.588,1.0,0.0,0.0,1.0,2.0,2.02,5.04
61.0,4,1.0,0.534,1.0,0.0,0.0,2.0,2.04,1.95,5.0
62.0,4,1.0,0.534,1.0,0.0,1.0,2.0,2.3817,2.4305,5.4046
63.0,4,1.0,0.534,1.0,1.0,1.0,2.0,2.0,2.1468,5.0432
64.0,4,1.0,0.534,1.0,1.0,2.0,2.0,1.359,2.6389,5.2763
65.0,4,1.0,0.534,1.0,2.0,2.0,2.0,1.1591,3.053,5.4326
66.0,0,0.0,0.844,1.0,0.0,0.0,0.0,1.96,1.94,4.91
67.0,0,0.0,0.844,1.0,0.0,1.0,0.0,1.9653,1.7991,5.5051
68.0,0,0.0,0.844,1.0,0.0,2.0,0.0,1.6929,1.9347,5.305
69.0,0,0.0,0.844,1.0,1.0,2.0,0.0,2.3136,1.7482,5.1455
70.0,0,0.0,0.844,1.0,2.0,2.0,0.0,2.1643,2.5775,5.2838
71.0,0,0.0,0.805,0.0,0.0,0.0,1.0,1.98,2.05,4.96
72.0,0,0.0,0.805,0.0,1.0,0.0,1.0,1.6594,1.3717,4.7425
73.0,0,0.0,0.805,0.0,2.0,0.0,1.0,1.6278,1.5234,4.8134
74.0,0,0.0,0.805,0.0,3.0,0.0,1.0,1.9891,2.9152,5.0632
75.0,0,0.0,0.805,0.0,3.0,1.0,1.0,1.6587,2.4721,5.3297
76.0,0,0.0,0.805,0.0,3.0,2.0,1.0,1.7575,2.4976,5.2422
77.0,0,0.0,0.805,0.0,3.0,3.0,1.0,1.6373,2.619,5.3826
78.0,0,0.0,0.809,0.0,0.0,0.0,2.0,1.9,2.04,5.05
79.0,0,0.0,0.809,0.0,1.0,0.0,2.0,2.0527,1.1263,5.5929
80.0,0,0.0,0.809,0.0,1.0,1.0,2.0,2.1693,1.8159,5.1135
81.0,0,0.0,0.809,0.0,1.0,2.0,2.0,2.0445,1.8948,4.8409
82.0,0,1.0,0.573,1.0,0.0,0.0,0.0,1.94,1.92,4.95
83.0,0,1.0,0.573,1.0,1.0,0.0,0.0,2.05,3.2341,5.4231
84.0,0,1.0,0.573,1.0,2.0,0.0,0.0,2.9871,2.6545,5.0439
85.0,0,1.0,0.573,1.0,2.0,1.0,0.0,1.5169,2.6357,5.1591
86.0,0,1.0,0.573,1.0,3.0,1.0,0.0,2.02,2.8307,5.3435
87.0,1,1.0,0.703,0.0,0.0,0.0,0.0,1.99,2.08,4.94
88.0,1,1.0,0.703,0.0,1.0,0.0,0.0,1.2886,3.5032,4.5412
89.0,1,1.0,0.703,0.0,2.0,0.0,0.0,1.97,2.7564,5.1661
90.0,1,1.0,0.703,0.0,3.0,0.0,0.0,2.0,3.451,5.2706
91.0,1,1.0,0.703,0.0,3.0,1.0,0.0,1.7331,3.1233,5.4007
92.0,1,1.0,0.703,0.0,3.0,2.0,0.0,1.5341,3.0232,5.1826
93.0,1,1.0,0.703,0.0,3.0,3.0,0.0,1.629,2.961,4.9473
94.0,1,1.0,0.703,0.0,3.0,4.0,0.0,1.7679,2.9627,5.1748
95.0,3,1.0,0.741,1.0,0.0,0.0,0.0,1.98,2.04,4.91
96.0,3,1.0,0.741,1.0,0.0,1.0,0.0,1.8149,2.7782,4.8335
97.0,3,1.0,0.741,1.0,1.0,1.0,0.0,1.672,3.9215,5.2429
98.0,6,1.0,0.588,0.0,0.0,0.0,0.0,2.07,1.96,5.08
99.0,6,1.0,0.588,0.0,0.0,1.0,0.0,1.943,3.5951,5.436
0.0,0,0.0,0.599,0.0,0.0,0.0,0.0,1.94,2.04,5.09
1.0,0,0.0,0.599,0.0,0.0,1.0,0.0,2.6056,2.0325,5.6369
2.0,0,0.0,0.599,0.0,0.0,2.0,0.0,2.5737,2.0242,5.6254
3.0,0,0.0,0.599,0.0,0.0,3.0,0.0,2.2155,2.6927,5.5798
4.0,0,0.0,0.599,0.0,1.0,3.0,0.0,2.614,1.9229,5.4645
5.0,0,0.0,0.599,0.0,1.0,4.0,0.0,2.6047,1.8412,5.3201
6.0,0,0.0,0.599,0.0,1.0,5.0,0.0,2.6739,1.8119,5.311
7.0,0,0.0,0.599,0.0,1.0,6.0,0.0,2.3549,1.745,5.3218
8.0,0,0.0,0.599,0.0,2.0,6.0,0.0,2.3757,1.5902,5.205
9.0,0,0.0,0.599,0.0,3.0,6.0,0.0,2.01,1.8837,5.432
10.0,1,0.0,0.649,1.0,0.0,0.0,0.0,1.97,2.08,5.04
11.0,1,0.0,0.649,1.0,0.0,1.0,0.0,1.5003,3.1791,5.6376
12.0,1,0.0,0.649,1.0,0.0,2.0,0.0,2.2824,2.858,5.5945
13.0,2,0.0,0.681,0.0,0.0,0.0,1.0,1.91,2.02,5.04
14.0,2,0.0,0.681,0.0,0.0,1.0,1.0,2.224,3.28,5.5354
15.0,2,0.0,0.681,0.0,1.0,1.0,1.0,2.0666,2.1923,5.2293
16.0,2,0.0,0.681,0.0,1.0,2.0,1.0,2.3152,2.7653,5.2107
17.0,3,0.0,0.696,1.0,0.0,0.0,2.0,2.03,2.03,5.06
18.0,3,0.0,0.696,1.0,0.0,1.0,2.0,2.0522,3.4115,5.5749
19.0,3,0.0,0.696,1.0,0.0,2.0,2.0,1.8888,3.1721,5.5572
20.0,0,0.0,0.637,0.0,0.0,0.0,0.0,1.99,1.95,4.99
21.0,0,0.0,0.637,0.0,1.0,0.0,0.0,2.0164,1.0998,5.4355
22.0,0,0.0,0.637,0.0,2.0,0.0,0.0,2.735,2.4037,5.4676
23.0,0,0.0,0.637,0.0,3.0,0.0,0.0,2.9557,2.0012,5.5576
24.0,0,0.0,0.637,0.0,3.0,1.0,0.0,2.7425,2.0893,5.4703
25.0,0,0.0,0.746,1.0,0.0,0.0,1.0,1.97,1.99,5.01
26.0,0,0.0,0.746,1.0,1.0,0.0,1.0,3.2237,0.8723,4.9811
27.0,0,0.0,0.746,1.0,1.0,1.0,1.0,2.3694,1.9312,5.281
28.0,0,0.0,0.746,1.0,1.0,2.0,1.0,1.8925,2.6544,5.3617
29.0,0,0.0,0.555,0.0,0.0,0.0,2.0,2.03,2.04,4.99
30.0,0,0.0,0.555,0.0,0.0,1.0,2.0,2.3899,2.4796,5.5649
31.0,0,0.0,0.555,0.0,0.0,2.0,2.0,2.2125,3.0062,5.5911
32.0,0,3.0,0.601,1.0,0.0,0.0,0.0,2.01,2.06,4.96
33.0,0,3.0,0.601,1.0,1.0,0.0,0.0,2.3569,3.3494,5.474
34.0,0,3.0,0.601,1.0,2.0,0.0,0.0,2.6305,2.2274,5.5171
35.0,0,3.0,0.601,1.0,2.0,1.0,0.0,1.7614,2.17,5.3869
36.0,0,3.0,0.337,0.0,0.0,0.0,1.0,1.93,2.08,4.91
37.0,0,3.0,0.337,0.0,0.0,1.0,1.0,1.6983,3.0679,5.4866
38.0,0,3.0,0.337,0.0,0.0,2.0,1.0,1.6305,3.4005,5.3879
39.0,0,3.0,0.599,0.0,0.0,0.0,2.0,2.04,2.05,4.94
40.0,0,3.0,0.649,1.0,0.0,0.0,0.0,1.99,2.08,5.01
41.0,0,3.0,0.649,1.0,0.0,1.0,0.0,2.233,3.2638,5.3709
42.0,0,3.0,0.649,1.0,0.0,2.0,0.0,2.9748,2.1899,5.1162
43.0,0,3.0,0.649,1.0,1.0,2.0,0.0,2.02,2.3971,5.1714
44.0,0,3.0,0.681,0.0,0.0,0.0,1.0,1.96,2.09,4.99
45.0,0,3.0,0.681,0.0,0.0,1.0,1.0,1.0827,2.6555,5.0153
46.0,0,3.0,0.681,0.0,0.0,2.0,1.0,1.371,3.088,5.1396
47.0,0,3.0,0.681,0.0,1.0,2.0,1.0,2.04,3.7038,5.3204
48.0,0,3.0,0.681,0.0,2.0,2.0,1.0,1.106,3.4409,5.2823
49.0,0,3.0,0.681,0.0,2.0,3.0,1.0,1.6873,3.4404,5.2532
50.0,0,3.0,0.696,1.0,0.0,0.0,2.0,2.05,2.05,4.95
51.0,0,3.0,0.696,1.0,1.0,0.0,2.0,3.0581,1.6763,4.9922
52.0,0,3.0,0.696,1.0,1.0,1.0,2.0,2.3546,1.801,5.2982
53.0,0,3.0,0.696,1.0,1.0,2.0,2.0,2.4565,2.7792,5.3121
54.0,0,3.0,0.637,0.0,0.0,0.0,0.0,2.01,1.93,4.94
55.0,0,3.0,0.637,0.0,0.0,1.0,0.0,2.4602,1.9404,5.4651
56.0,0,3.0,0.637,0.0,1.0,1.0,0.0,1.4494,2.3661,5.0351
57.0,0,3.0,0.637,0.0,1.0,2.0,0.0,2.0065,1.7342,4.9191
58.0,0,3.0,0.637,0.0,2.0,2.0,0.0,1.4992,1.7212,4.9553
59.0,0,3.0,0.637,0.0,2.0,3.0,0.0,1.323,2.1938,5.1925
60.0,0,3.0,0.637,0.0,3.0,3.0,0.0,1.3349,2.7629,5.2997
61.0,0,3.0,0.746,1.0,0.0,0.0,1.0,2.09,1.96,4.97
62.0,1,3.0,0.555,0.0,0.0,0.0,1.0,2.05,2.09,4.93
63.0,1,3.0,0.555,0.0,0.0,1.0,1.0,2.4241,3.6532,5.2286
64.0,1,3.0,0.555,0.0,1.0,1.0,1.0,2.02,3.4879,5.2425
65.0,1,3.0,0.555,0.0,1.0,2.0,1.0,1.5434,2.9785,5.1455
66.0,1,3.0,0.601,1.0,0.0,0.0,2.0,2.08,2.06,4.99
67.0,1,3.0,0.601,1.0,0.0,1.0,2.0,1.9489,2.9234,4.8917
68.0,0,5.0,0.337,0.0,0.0,0.0,0.0,1.91,1.92,4.92
69.0,0,5.0,0.337,0.0,1.0,0.0,0.0,3.2216,1.2105,4.7432
70.0,0,5.0,0.599,0.0,0.0,0.0,1.0,1.91,2.04,5.06
71.0,0,5.0,0.599,0.0,0.0,1.0,1.0,2.1412,2.2131,4.9191
72.0,0,5.0,0.599,0.0,1.0,1.0,1.0,1.9683,1.6554,4.8882
73.0,0,5.0,0.599,0.0,2.0,1.0,1.0,2.1497,2.01,4.9171
74.0,0,5.0,0.599,0.0,2.0,2.0,1.0,2.2826,2.0687,4.979
75.0,0,5.0,0.599,0.0,2.0,3.0,1.0,2.2044,2.7801,5.2326
76.0,0,5.0,0.649,1.0,0.0,0.0,2.0,2.1,1.91,5.03
77.0,0,5.0,0.649,1.0,0.0,1.0,2.0,2.7828,3.3888,5.5102
78.0,0,5.0,0.649,1.0,0.0,2.0,2.0,2.5772,3.4075,5.5518
79.0,0,5.0,0.649,1.0,0.0,3.0,2.0,1.8307,3.679,5.4127
80.0,0,5.0,0.649,1.0,1.0,3.0,2.0,1.8291,2.7724,5.2626
81.0,0,7.0,0.681,0.0,0.0,0.0,0.0,2.09,2.06,5.01
82.0,0,7.0,0.681,0.0,0.0,1.0,0.0,1.4314,1.7778,4.6479
83.0,0,7.0,0.681,0.0,1.0,1.0,0.0,1.1102,1.2638,4.7443
84.0,0,7.0,0.681,0.0,2.0,1.0,0.0,0.9523,2.3472,5.2099
85.0,0,7.0,0.681,0.0,2.0,2.0,0.0,1.3604,2.6422,5.1238
86.0,0,7.0,0.681,0.0,2.0,3.0,0.0,1.3835,2.6373,5.2161
87.0,0,7.0,0.681,0.0,3.0,3.0,0.0,1.2017,2.7697,5.2032
88.0,1,7.0,0.696,1.0,0.0,0.0,0.0,2.0,1.96,5.1
89.0,1,7.0,0.696,1.0,0.0,1.0,0.0,1.8549,3.0956,4.8392
90.0,1,7.0,0.696,1.0,0.0,2.0,0.0,2.1505,3.2295,5.1663
91.0,1,7.0,0.696,1.0,0.0,3.0,0.0,2.0166,3.4696,5.2449
92.0,1,7.0,0.696,1.0,0.0,4.0,0.0,2.2204,3.226,5.1168
93.0,1,7.0,0.637,0.0,0.0,0.0,1.0,1.91,2.04,4.97
94.0,1,7.0,0.637,0.0,1.0,0.0,1.0,1.8128,3.9802,5.247
95.0,1,7.0,0.637,0.0,1.0,1.0,1.0,1.9265,3.3767,5.3343
96.0,1,7.0,0.637,0.0,1.0,2.0,1.0,1.8142,3.3276,5.4115
97.0,1,7.0,0.637,0.0,2.0,2.0,1.0,2.4399,2.5878,5.1698
98.0,1,7.0,0.637,0.0,2.0,3.0,1.0,2.4247,2.541,5.1282
99.0,1,7.0,0.637,0.0,2.0,4.0,1.0,2.2869,2.5457,5.1263
100.0,1,7.0,0.547,1.0,0.0,0.0,2.0,1.97,2.06,4.94
101.0,0,9.0,0.555,0.0,0.0,0.0,0.0,1.97,2.02,4.94
102.0,0,9.0,0.555,0.0,1.0,0.0,0.0,2.04,3.108,5.3343
103.0,0,9.0,0.555,0.0,1.0,1.0,0.0,2.458,2.5561,5.4169
104.0,0,9.0,0.555,0.0,1.0,2.0,0.0,2.334,2.8104,5.4715
105.0,0,9.0,0.601,1.0,0.0,0.0,1.0,1.96,1.97,4.95
0.0,0,0.0,0.664,0.0,0.0,0.0,0.0,1.95,2.04,5.02
1.0,0,0.0,0.664,0.0,0.0,1.0,0.0,1.5515,2.135,5.3893
2.0,0,0.0,0.664,0.0,0.0,2.0,0.0,2.0653,3.0466,5.2768
3.0,0,0.0,0.664,0.0,1.0,2.0,0.0,2.0835,3.4745,5.4604
4.0,0,0.0,0.831,0.0,0.0,0.0,1.0,2.01,1.91,4.92
5.0,0,0.0,0.831,0.0,0.0,1.0,1.0,2.3282,2.8443,5.4813
6.0,0,0.0,0.831,0.0,1.0,1.0,1.0,1.9801,2.05,5.3934
7.0,0,0.0,0.831,0.0,2.0,1.0,1.0,1.9538,1.8744,5.0815
8.0,0,0.0,0.831,0.0,2.0,2.0,1.0,1.9162,2.4781,5.2387
9.0,0,0.0,0.761,1.0,0.0,0.0,2.0,1.99,2.1,5.03
10.0,0,0.0,0.761,1.0,0.0,1.0,2.0,2.5169,2.4164,5.4982
11.0,0,0.0,0.761,1.0,0.0,2.0,2.0,2.0843,2.4087,5.5544
12.0,0,0.0,0.761,1.0,0.0,3.0,2.0,2.3125,1.8063,5.1662
13.0,0,0.0,0.513,1.0,0.0,0.0,0.0,1.96,2.01,4.92
14.0,0,0.0,0.513,1.0,0.0,1.0,0.0,1.2118,2.2852,5.3731
15.0,0,0.0,0.513,1.0,1.0,1.0,0.0,1.95,1.0726,4.8776
16.0,0,0.0,0.642,0.0,0.0,0.0,1.0,1.92,2.06,4.94
17.0,0,0.0,0.738,1.0,0.0,0.0,2.0,1.93,2.01,4.96
18.0,0,0.0,0.738,1.0,0.0,1.0,2.0,2.0871,3.2194,5.5293
19.0,0,4.0,0.708,0.0,0.0,0.0,0.0,1.91,2.02,4.95
20.0,0,4.0,0.708,0.0,0.0,1.0,0.0,2.4974,2.6975,5.4162
21.0,0,4.0,0.708,0.0,1.0,1.0,0.0,2.9925,2.7947,5.2506
22.0,0,4.0,0.708,0.0,2.0,1.0,0.0,2.9138,1.8852,5.0154
23.0,0,4.0,0.708,0.0,3.0,1.0,0.0,2.8306,2.228,5.1268
24.0,1,4.0,0.702,1.0,0.0,0.0,0.0,2.07,2.06,4.94
25.0,4,4.0,0.493,1.0,0.0,0.0,0.0,1.97,1.99,5.09
26.0,4,4.0,0.493,1.0,1.0,0.0,0.0,2.04,3.5657,5.5235
27.0,4,4.0,0.493,1.0,2.0,0.0,0.0,1.95,1.5334,5.1844
28.0,4,4.0,0.493,1.0,3.0,0.0,0.0,0.7855,2.4844,5.2511
29.0,4,4.0,0.493,1.0,3.0,1.0,0.0,1.3988,2.5511,5.2285
30.0,4,4.0,0.493,1.0,3.0,2.0,0.0,1.5196,2.9872,5.4272
31.0,4,4.0,0.664,0.0,0.0,0.0,1.0,2.03,1.99,5.08
32.0,4,4.0,0.664,0.0,1.0,0.0,1.0,3.2561,2.9646,5.349
33.0,4,4.0,0.664,0.0,2.0,0.0,1.0,3.3514,2.9522,5.1967
34.0,4,4.0,0.664,0.0,2.0,1.0,1.0,3.22,2.0277,5.0381
35.0,4,4.0,0.664,0.0,2.0,2.0,1.0,2.5743,2.5279,5.0954
36.0,4,4.0,0.831,0.0,0.0,0.0,2.0,2.02,2.04,4.96
37.0,4,4.0,0.831,0.0,0.0,1.0,2.0,1.5179,2.6409,5.4498
38.0,4,4.0,0.831,0.0,0.0,2.0,2.0,1.8149,2.592,5.099
39.0,4,4.0,0.831,0.0,1.0,2.0,2.0,1.2168,2.107,4.9864
40.0,4,4.0,0.831,0.0,1.0,3.0,2.0,1.6944,2.3459,5.2302
41.0,4,4.0,0.831,0.0,1.0,4.0,2.0,1.6525,2.5213,5.299
42.0,4,4.0,0.831,0.0,2.0,4.0,2.0,1.8119,2.1287,5.0918
43.0,4,4.0,0.831,0.0,3.0,4.0,2.0,1.667,2.1699,5.1971
44.0,6,4.0,0.761,1.0,0.0,0.0,2.0,1.92,2.09,5.02
45.0,6,4.0,0.761,1.0,1.0,0.0,2.0,2.1111,1.527,5.5129
46.0,6,4.0,0.761,1.0,2.0,0.0,2.0,1.99,0.6996,4.9828
47.0,6,4.0,0.761,1.0,2.0,1.0,2.0,1.7819,1.4047,5.2805
48.0,6,4.0,0.761,1.0,2.0,2.0,2.0,1.4759,1.6801,5.4022
49.0,6,4.0,0.761,1.0,2.0,3.0,2.0,1.9037,1.848,5.4758
50.0,6,4.0,0.761,1.0,3.0,3.0,2.0,1.96,1.6793,5.313
51.0,6,4.0,0.761,1.0,3.0,4.0,2.0,2.1005,1.8144,5.2222
52.0,6,4.0,0.761,1.0,3.0,5.0,2.0,1.9536,1.924,5.2548
53.0,0,4.0,0.513,1.0,0.0,0.0,0.0,2.02,2.01,5.09
54.0,0,4.0,0.513,1.0,0.0,1.0,0.0,2.0521,2.6511,5.3873
55.0,0,4.0,0.513,1.0,1.0,1.0,0.0,3.0288,2.8511,5.1367
56.0,0,4.0,0.513,1.0,2.0,1.0,0.0,2.9702,2.1662,4.9302
57.0,0,4.0,0.513,1.0,2.0,2.0,0.0,2.2119,2.6774,5.1924
58.0,0,4.0,0.513,1.0,2.0,3.0,0.0,1.8979,2.7916,5.2028
59.0,0,4.0,0.513,1.0,3.0,3.0,0.0,1.97,2.9062,5.3526
60.0,0,4.0,0.642,0.0,0.0,0.0,1.0,1.93,1.95,5.06
61.0,0,4.0,0.642,0.0,0.0,1.0,1.0,2.0608,2.3481,5.4071
62.0,0,4.0,0.642,0.0,1.0,1.0,1.0,2.3398,1.6853,5.2287
63.0,0,4.0,0.642,0.0,2.0,1.0,1.0,2.6469,2.798,5.2025
64.0,0,4.0,0.642,0.0,2.0,2.0,1.0,2.5047,2.7687,5.3354
65.0,0,4.0,0.642,0.0,3.0,2.0,1.0,1.8541,2.7998,5.3782
66.0,0,4.0,0.738,1.0,0.0,0.0,2.0,2.01,2.06,4.98
67.0,0,4.0,0.738,1.0,0.0,1.0,2.0,2.4935,2.5167,4.9906
68.0,0,4.0,0.738,1.0,1.0,1.0,2.0,3.0069,1.9385,4.8913
69.0,0,4.0,0.738,1.0,1.0,2.0,2.0,2.7128,2.3087,5.2432
70.0,0,4.0,0.738,1.0,2.0,2.0,2.0,2.939,2.2838,5.3661
71.0,0,4.0,0.708,0.0,0.0,0.0,0.0,2.0,1.93,5.08
72.0,0,4.0,0.708,0.0,0.0,1.0,0.0,1.5879,3.7121,5.2401
73.0,0,4.0,0.708,0.0,0.0,2.0,0.0,2.2235,2.7799,4.9625
74.0,0,4.0,0.708,0.0,1.0,2.0,0.0,2.5531,1.5856,4.8398
75.0,0,4.0,0.702,1.0,0.0,0.0,1.0,1.99,2.01,5.05
76.0,0,4.0,0.702,1.0,1.0,0.0,1.0,2.5573,1.6541,4.9202
77.0,0,4.0,0.702,1.0,1.0,1.0,1.0,1.7675,2.6926,5.2024
78.0,0,4.0,0.493,1.0,0.0,0.0,2.0,1.91,2.0,4.92
79.0,0,4.0,0.493,1.0,0.0,1.0,2.0,2.5509,2.6529,5.4055
80.0,0,4.0,0.493,1.0,0.0,2.0,2.0,2.1943,2.3175,4.9869
81.0,0,5.0,0.664,0.0,0.0,0.0,0.0,2.08,1.99,5.0
82.0,0,5.0,0.664,0.0,1.0,0.0,0.0,1.2728,3.9879,5.1492
83.0,0,5.0,0.664,0.0,1.0,1.0,0.0,2.3947,2.2156,4.8802
84.0,0,5.0,0.664,0.0,2.0,1.0,0.0,2.9145,2.7015,5.0605
85.0,0,5.0,0.664,0.0,2.0,2.0,0.0,2.7435,3.1541,5.2038
86.0,0,5.0,0.664,0.0,3.0,2.0,0.0,2.9851,3.1639,5.2171
87.0,0,5.0,0.664,0.0,3.0,3.0,0.0,2.5465,2.9769,5.2462
88.0,1,5.0,0.831,0.0,0.0,0.0,0.0,2.05,1.96,5.08
89.0,1,5.0,0.831,0.0,1.0,0.0,0.0,2.04,0.8131,4.811
90.0,1,5.0,0.831,0.0,2.0,0.0,0.0,1.1018,2.8188,5.0377
91.0,1,5.0,0.831,0.0,2.0,1.0,0.0,1.4803,3.0523,5.1706
92.0,0,5.0,0.761,1.0,0.0,0.0,1.0,1.93,1.91,5.03
93.0,0,5.0,0.761,1.0,0.0,1.0,1.0,1.9012,3.5469,5.4376
94.0,0,5.0,0.761,1.0,1.0,1.0,1.0,3.0663,2.0935,5.0189
95.0,0,5.0,0.761,1.0,1.0,2.0,1.0,2.466,1.7903,5.0747
96.0,0,5.0,0.761,1.0,1.0,3.0,1.0,2.5101,2.4815,5.3792
97.0,0,5.0,0.761,1.0,2.0,3.0,1.0,2.6777,2.312,5.093
98.0,0,5.0,0.761,1.0,2.0,4.0,1.0,2.563,2.499,5.1867
99.0,0,5.0,0.761,1.0,3.0,4.0,1.0,2.02,2.4775,5.2642
100.0,1,5.0,0.513,1.0,0.0,0.0,1.0,2.09,1.91,5.07
101.0,1,5.0,0.513,1.0,1.0,0.0,1.0,1.839,1.8951,5.4415
102.0,1,5.0,0.513,1.0,1.0,1.0,1.0,1.6481,2.7446,5.3138
0.0,0,0.0,0.721,0.0,0.0,0.0,0.0,1.98,1.92,5.03
1.0,0,0.0,0.721,0.0,1.0,0.0,0.0,1.3976,1.4394,5.4993
2.0,0,0.0,0.721,0.0,2.0,0.0,0.0,2.0,2.0907,5.4678
3.0,0,0.0,0.721,0.0,2.0,1.0,0.0,1.3693,1.9924,5.383
4.0,0,0.0,0.721,0.0,2.0,2.0,0.0,1.5255,2.381,5.3917
5.0,0,0.0,0.721,0.0,3.0,2.0,0.0,2.009,2.0691,5.4407
6.0,0,0.0,0.685,1.0,0.0,0.0,1.0,2.0,2.04,5.05
7.0,0,0.0,0.685,1.0,0.0,1.0,1.0,1.3672,2.3699,5.4413
8.0,0,0.0,0.685,1.0,0.0,2.0,1.0,1.0664,2.9056,5.5459
9.0,0,0.0,0.685,1.0,1.0,2.0,1.0,1.99,2.5501,5.2122
10.0,0,0.0,0.685,1.0,1.0,3.0,1.0,1.2178,2.7994,5.2528
11.0,0,0.0,0.685,1.0,2.0,3.0,1.0,0.8965,1.96,5.3961
12.0,0,0.0,0.715,1.0,0.0,0.0,2.0,2.03,1.91,4.94
13.0,0,0.0,0.715,1.0,0.0,1.0,2.0,2.8464,2.7775,5.3746
14.0,0,0.0,0.715,1.0,1.0,1.0,2.0,2.6566,2.1999,5.0048
15.0,0,0.0,0.715,1.0,1.0,2.0,2.0,1.7837,2.6607,5.2749
16.0,0,0.0,0.715,1.0,2.0,2.0,2.0,1.7555,3.3193,5.2562
17.0,0,0.0,0.715,1.0,3.0,2.0,2.0,2.1476,3.3223,5.3327
18.0,1,0.0,0.764,0.0,0.0,0.0,2.0,1.99,1.92,4.96
19.0,1,0.0,0.764,0.0,0.0,1.0,2.0,1.0595,3.301,5.5713
20.0,1,0.0,0.764,0.0,0.0,2.0,2.0,2.4487,3.5244,5.2495
21.0,1,0.0,0.764,0.0,0.0,3.0,2.0,2.6911,2.6373,5.034
22.0,3,0.0,0.766,0.0,0.0,0.0,2.0,1.91,1.95,4.98
23.0,3,0.0,0.766,0.0,0.0,1.0,2.0,1.5729,3.5251,5.4587
24.0,3,0.0,0.766,0.0,0.0,2.0,2.0,1.5528,3.7075,5.5363
25.0,3,0.0,0.766,0.0,1.0,2.0,2.0,1.7582,3.8791,5.4988
26.0,3,0.0,0.766,0.0,2.0,2.0,2.0,1.7265,3.9114,5.5861
27.0,0,2.0,0.715,1.0,0.0,0.0,0.0,1.91,1.93,4.95
28.0,0,2.0,0.715,1.0,0.0,1.0,0.0,1.9241,2.7299,5.4731
29.0,0,2.0,0.715,1.0,0.0,2.0,0.0,1.6921,2.7406,5.3176
30.0,0,2.0,0.715,1.0,1.0,2.0,0.0,2.3362,2.3681,5.0966
31.0,0,2.0,0.623,0.0,0.0,0.0,1.0,2.03,1.91,4.98
32.0,0,2.0,0.623,0.0,0.0,1.0,1.0,1.0983,2.3767,5.5266
33.0,0,2.0,0.623,0.0,1.0,1.0,1.0,2.0527,3.2183,5.5266
34.0,0,2.0,0.623,0.0,2.0,1.0,1.0,1.8731,1.99,5.3597
35.0,0,2.0,0.623,0.0,2.0,2.0,1.0,1.7925,2.3761,5.1904
36.0,0,2.0,0.623,0.0,3.0,2.0,1.0,1.5629,1.99,5.1862
37.0,0,2.0,0.596,0.0,0.0,0.0,2.0,1.98,1.91,5.07
38.0,0,2.0,0.596,0.0,0.0,1.0,2.0,1.3019,3.3865,5.5818
39.0,0,2.0,0.596,0.0,0.0,2.0,2.0,1.5383,3.6463,5.5278
40.0,0,2.0,0.596,0.0,0.0,3.0,2.0,2.0789,3.6247,5.4601
41.0,0,2.0,0.596,0.0,0.0,4.0,2.0,2.1727,3.121,5.1703
42.0,0,2.0,0.596,0.0,1.0,4.0,2.0,2.5615,2.3564,5.1841
43.0,0,1.0,0.77,1.0,0.0,0.0,2.0,1.93,2.02,4.99
44.0,0,1.0,0.77,1.0,1.0,0.0,2.0,0.5126,2.9349,5.4876
45.0,2,1.0,0.721,0.0,0.0,0.0,2.0,2.06,1.92,4.95
46.0,2,1.0,0.721,0.0,1.0,0.0,2.0,3.1922,3.3916,5.2879
47.0,2,1.0,0.721,0.0,2.0,0.0,2.0,1.7238,2.2875,4.8517
48.0,2,1.0,0.721,0.0,2.0,1.0,2.0,2.4297,2.8141,5.0707
49.0,0,1.0,0.685,1.0,0.0,0.0,0.0,2.0,1.93,4.98
50.0,0,1.0,0.685,1.0,0.0,1.0,0.0,2.7049,1.8431,4.7886
51.0,0,1.0,0.685,1.0,0.0,2.0,0.0,1.6096,2.6205,5.1901
52.0,0,1.0,0.685,1.0,1.0,2.0,0.0,1.98,1.9985,5.0451
53.0,0,1.0,0.685,1.0,2.0,2.0,0.0,2.193,1.9363,4.9981
54.0,0,1.0,0.685,1.0,3.0,2.0,0.0,2.6684,1.8936,5.2072
55.0,0,1.0,0.715,1.0,0.0,0.0,1.0,2.0,2.04,4.97
56.0,0,1.0,0.715,1.0,0.0,1.0,1.0,1.4545,2.8446,5.4598
57.0,0,1.0,0.715,1.0,1.0,1.0,1.0,1.8863,1.5508,5.559
58.0,1,1.0,0.764,0.0,0.0,0.0,1.0,1.94,2.02,5.1
59.0,1,1.0,0.764,0.0,1.0,0.0,1.0,0.4902,2.6546,4.9128
60.0,1,1.0,0.764,0.0,1.0,1.0,1.0,2.3191,2.8496,5.1856
61.0,1,1.0,0.764,0.0,1.0,2.0,1.0,1.8188,2.7057,5.0731
62.0,1,1.0,0.764,0.0,1.0,3.0,1.0,1.7445,2.7628,5.1112
63.0,1,1.0,0.764,0.0,2.0,3.0,1.0,1.8452,2.2282,5.0101
64.0,1,1.0,0.764,0.0,3.0,3.0,1.0,1.95,2.1812,5.0774
65.0,1,1.0,0.764,0.0,3.0,4.0,1.0,2.0224,2.1002,5.0449
66.0,3,1.0,0.766,0.0,0.0,0.0,1.0,2.08,2.09,5.04
67.0,3,1.0,0.766,0.0,1.0,0.0,1.0,3.5124,2.1719,5.379
68.0,3,1.0,0.766,0.0,1.0,1.0,1.0,2.345,1.378,4.8644
69.0,3,1.0,0.766,0.0,1.0,2.0,1.0,2.2244,2.0541,5.2392
70.0,3,1.0,0.715,1.0,0.0,0.0,2.0,1.95,2.04,4.99
71.0,3,1.0,0.715,1.0,0.0,1.0,2.0,1.1647,2.6338,5.4266
72.0,3,1.0,0.715,1.0,0.0,2.0,2.0,2.1903,2.8087,5.4767
73.0,3,1.0,0.715,1.0,1.0,2.0,2.0,2.4265,3.1616,5.5719
74.0,0,1.0,0.623,0.0,0.0,0.0,0.0,2.07,2.01,5.09
75.0,0,1.0,0.623,0.0,1.0,0.0,0.0,1.98,1.8811,4.6723
76.0,0,1.0,0.623,0.0,1.0,1.0,0.0,2.3639,3.022,5.088
77.0,0,1.0,0.623,0.0,2.0,1.0,0.0,2.4721,3.3216,5.2891
78.0,0,1.0,0.623,0.0,2.0,2.0,0.0,1.9709,3.1861,5.3112
79.0,0,1.0,0.623,0.0,3.0,2.0,0.0,2.1205,2.6041,5.225
80.0,0,1.0,0.623,0.0,3.0,3.0,0.0,2.0982,2.8187,5.2586
81.0,0,1.0,0.623,0.0,3.0,4.0,0.0,1.9985,2.6358,5.3466
82.0,0,1.0,0.596,0.0,0.0,0.0,1.0,2.01,1.93,5.03
83.0,0,1.0,0.596,0.0,0.0,1.0,1.0,1.593,2.7688,5.3457
84.0,0,1.0,0.596,0.0,0.0,2.0,1.0,1.3265,2.3263,5.2037
85.0,0,1.0,0.77,1.0,0.0,0.0,2.0,2.07,2.05,5.08
86.0,0,1.0,0.77,1.0,1.0,0.0,2.0,0.646,1.9999,5.3966
87.0,0,1.0,0.77,1.0,1.0,1.0,2.0,1.8529,1.9892,5.5375
88.0,0,1.0,0.721,0.0,0.0,0.0,0.0,1.99,2.0,5.09
89.0,2,1.0,0.685,1.0,0.0,0.0,0.0,2.0,1.99,5.03
90.0,2,1.0,0.685,1.0,0.0,1.0,0.0,2.0755,2.2696,5.4209
91.0,2,1.0,0.685,1.0,1.0,1.0,0.0,2.01,0.648,5.1663
92.0,2,1.0,0.685,1.0,2.0,1.0,0.0,1.2719,2.1701,5.3738
93.0,2,1.0,0.685,1.0,2.0,2.0,0.0,0.9499,2.2305,5.2997
94.0,2,1.0,0.685,1.0,2.0,3.0,0.0,1.2534,2.6926,5.1046
95.0,3,1.0,0.715,1.0,0.0,0.0,1.0,1.96,1.91,4.98
96.0,3,1.0,0.715,1.0,0.0,1.0,1.0,1.3525,2.9097,5.4866
97.0,3,1.0,0.715,1.0,1.0,1.0,1.0,2.5216,2.0429,5.1175
98.0,3,1.0,0.715,1.0,1.0,2.0,1.0,2.7083,2.2073,5.3076
99.0,3,1.0,0.715,1.0,2.0,2.0,1.0,2.03,2.2417,5.4769
100.0,3,1.0,0.715,1.0,2.0,3.0,1.0,2.2436,2.4745,5.477
101.0,3,1.0,0.715,1.0,3.0,3.0,1.0,2.4823,2.1012,5.2827
102.0,3,1.0,0.764,0.0,0.0,0.0,2.0,1.95,1.95,4.96
103.0,3,1.0,0.764,0.0,1.0,0.0,2.0,1.4398,3.9737,5.5871
104.0,3,1.0,0.764,0.0,2.0,0.0,2.0,2.7908,2.7281,5.3961
105.0,3,1.0,0.764,0.0,2.0,1.0,2.0,2.556,2.7661,5.4262
0.0,0,0.0,0.641,0.0,0.0,0.0,0.0,2.07,2.05,4.98
1.0,0,0.0,0.641,0.0,0.0,1.0,0.0,2.6973,2.4515,5.4587
2.0,0,0.0,0.641,0.0,1.0,1.0,0.0,2.0,0.7583,5.1904
3.0,1,0.0,0.592,1.0,0.0,0.0,0.0,2.01,1.93,5.02
4.0,1,0.0,0.592,1.0,0.0,1.0,0.0,2.6412,2.4577,5.4055
5.0,1,0.0,0.592,1.0,0.0,2.0,0.0,2.7352,1.9101,4.9799
6.0,1,0.0,0.592,1.0,1.0,2.0,0.0,2.9609,1.6997,4.9587
7.0,1,0.0,0.787,0.0,0.0,0.0,1.0,2.09,1.97,5.06
8.0,1,0.0,0.787,0.0,1.0,0.0,1.0,2.6028,3.3569,5.4866
9.0,1,0.0,0.787,0.0,1.0,1.0,1.0,1.8749,3.2698,5.5983
10.0,3,0.0,0.595,1.0,0.0,0.0,1.0,2.1,1.94,5.01
11.0,3,0.0,0.595,1.0,0.0,1.0,1.0,2.5521,3.5893,5.5545
12.0,3,0.0,0.595,1.0,0.0,2.0,1.0,1.9354,3.4731,5.626
13.0,0,0.0,0.735,0.0,0.0,0.0,0.0,2.05,1.97,5.05
14.0,0,0.0,0.773,1.0,0.0,0.0,1.0,1.94,1.95,4.94
15.0,0,0.0,0.773,1.0,0.0,1.0,1.0,2.1128,2.6046,5.4129
16.0,0,0.0,0.773,1.0,0.0,2.0,1.0,2.1938,3.25,5.5022
17.0,0,0.0,0.773,1.0,1.0,2.0,1.0,1.9534,2.04,5.6025
18.0,0,0.0,0.735,0.0,0.0,0.0,2.0,1.93,1.99,5.0
19.0,0,0.0,0.735,0.0,1.0,0.0,2.0,1.96,2.1784,5.2912
20.0,0,0.0,0.735,0.0,1.0,1.0,2.0,1.8592,2.2479,5.4939
21.0,0,0.0,0.735,0.0,1.0,2.0,2.0,2.0131,2.7685,5.4356
22.0,0,0.0,0.735,0.0,2.0,2.0,2.0,2.7334,2.8092,5.3514
23.0,0,0.0,0.896,1.0,0.0,0.0,0.0,2.07,1.95,4.96
24.0,0,0.0,0.896,1.0,0.0,1.0,0.0,2.3028,2.3901,4.9139
25.0,0,0.0,0.896,1.0,0.0,2.0,0.0,1.2817,3.0594,5.1923
26.0,0,0.0,0.896,1.0,1.0,2.0,0.0,2.2703,2.2383,4.8811
27.0,0,0.0,0.896,1.0,2.0,2.0,0.0,2.4089,2.9425,5.2576
28.0,0,0.0,0.896,1.0,2.0,3.0,0.0,2.5318,2.9075,5.1113
29.0,0,0.0,0.629,1.0,0.0,0.0,1.0,1.95,2.07,4.91
30.0,0,0.0,0.629,1.0,0.0,1.0,1.0,1.8683,1.8326,5.4635
31.0,0,0.0,0.629,1.0,0.0,2.0,1.0,2.3217,2.5393,5.3689
32.0,0,0.0,0.629,1.0,1.0,2.0,1.0,2.5205,3.4147,5.4188
33.0,0,0.0,0.629,1.0,2.0,2.0,1.0,2.6483,2.5674,5.2234
34.0,0,0.0,0.641,0.0,0.0,0.0,2.0,1.98,2.02,5.03
35.0,0,0.0,0.641,0.0,1.0,0.0,2.0,3.0514,2.8375,5.536
36.0,0,0.0,0.641,0.0,1.0,1.0,2.0,2.6619,2.1556,5.3418
37.0,0,0.0,0.641,0.0,1.0,2.0,2.0,2.1213,2.2464,5.3252
38.0,0,0.0,0.592,1.0,0.0,0.0,0.0,2.08,1.98,4.99
39.0,0,0.0,0.592,1.0,0.0,1.0,0.0,1.927,3.1505,5.3373
40.0,0,0.0,0.592,1.0,1.0,1.0,0.0,2.04,2.5211,5.3804
41.0,0,0.0,0.592,1.0,1.0,2.0,0.0,2.4976,2.3503,5.4788
42.0,0,0.0,0.787,0.0,0.0,0.0,1.0,1.97,1.93,5.01
43.0,0,0.0,0.787,0.0,1.0,0.0,1.0,3.5471,0.8556,4.741
44.0,0,0.0,0.787,0.0,1.0,1.0,1.0,3.025,2.2149,5.2127
45.0,0,0.0,0.787,0.0,1.0,2.0,1.0,2.6566,2.6605,5.3333
46.0,0,0.0,0.787,0.0,2.0,2.0,1.0,2.854,2.0096,5.2086
47.0,0,0.0,0.787,0.0,3.0,2.0,1.0,2.02,1.488,5.1334
48.0,0,0.0,0.787,0.0,3.0,3.0,1.0,2.5716,1.7315,5.2842
49.0,0,0.0,0.595,1.0,0.0,0.0,2.0,1.94,2.05,5.03
50.0,0,0.0,0.595,1.0,0.0,1.0,2.0,2.4818,3.5698,5.5509
51.0,2,0.0,0.735,0.0,0.0,0.0,2.0,1.98,2.08,5.0
52.0,2,0.0,0.735,0.0,1.0,0.0,2.0,3.4315,3.876,5.4366
53.0,2,0.0,0.735,0.0,2.0,0.0,2.0,3.0436,1.9123,4.9381
54.0,2,0.0,0.735,0.0,3.0,0.0,2.0,2.4521,1.6717,4.7659
55.0,3,0.0,0.773,1.0,0.0,0.0,2.0,2.05,2.05,5.06
56.0,3,0.0,0.773,1.0,0.0,1.0,2.0,1.6467,3.51,5.6087
57.0,3,0.0,0.773,1.0,0.0,2.0,2.0,1.2261,3.2638,5.4663
58.0,3,0.0,0.773,1.0,1.0,2.0,2.0,2.02,1.5187,5.1189
59.0,3,0.0,0.773,1.0,2.0,2.0,2.0,2.3305,0.93,5.0066
60.0,3,0.0,0.773,1.0,2.0,3.0,2.0,2.4872,1.5477,5.2084
61.0,3,0.0,0.773,1.0,3.0,3.0,2.0,2.1268,2.2939,5.1931
62.0,0,1.0,0.735,0.0,0.0,0.0,0.0,1.95,2.06,4.98
63.0,0,1.0,0.735,0.0,1.0,0.0,0.0,2.1572,3.8458,5.1618
64.0,0,1.0,0.735,0.0,2.0,0.0,0.0,2.6921,3.6959,5.3398
65.0,0,1.0,0.735,0.0,2.0,1.0,0.0,2.0077,3.2635,5.4311
66.0,0,1.0,0.735,0.0,2.0,2.0,0.0,1.7442,3.2364,5.4066
67.0,0,1.0,0.735,0.0,3.0,2.0,0.0,1.4958,3.2445,5.3095
68.0,0,1.0,0.896,1.0,0.0,0.0,1.0,2.09,2.0,5.06
69.0,0,1.0,0.896,1.0,0.0,1.0,1.0,2.1026,1.8714,5.3864
70.0,0,1.0,0.896,1.0,0.0,2.0,1.0,1.2705,3.005,5.4804
71.0,0,1.0,0.629,1.0,0.0,0.0,2.0,2.0,1.91,5.03
72.0,0,1.0,0.629,1.0,0.0,1.0,2.0,0.8296,2.4486,5.3673
73.0,0,1.0,0.629,1.0,0.0,2.0,2.0,1.481,1.9192,5.375
74.0,0,5.0,0.641,0.0,0.0,0.0,0.0,1.95,2.03,4.93
75.0,0,5.0,0.641,0.0,0.0,1.0,0.0,2.1896,2.3987,5.4546
76.0,0,5.0,0.592,1.0,0.0,0.0,1.0,2.07,1.92,4.91
77.0,1,5.0,0.787,0.0,0.0,0.0,1.0,1.95,1.95,4.91
78.0,1,5.0,0.787,0.0,1.0,0.0,1.0,1.3985,3.7988,5.4015
79.0,1,5.0,0.787,0.0,2.0,0.0,1.0,1.4333,1.99,5.3776
80.0,1,5.0,0.787,0.0,2.0,1.0,1.0,1.6559,3.612,5.3454
81.0,4,5.0,0.595,1.0,0.0,0.0,1.0,1.93,2.08,4.96
82.0,1,4.0,0.735,0.0,0.0,0.0,2.0,1.98,1.96,4.93
83.0,1,4.0,0.735,0.0,0.0,1.0,2.0,1.8917,2.5316,4.8544
84.0,1,4.0,0.735,0.0,0.0,2.0,2.0,2.3149,3.2596,5.1951
85.0,1,4.0,0.735,0.0,1.0,2.0,2.0,2.03,1.8501,4.8441
86.0,1,4.0,0.735,0.0,2.0,2.0,2.0,1.7755,1.98,5.1314
87.0,1,4.0,0.735,0.0,2.0,3.0,2.0,1.9497,2.4975,5.279
88.0,0,4.0,0.773,1.0,0.0,0.0,0.0,2.08,2.01,4.96
89.0,0,4.0,0.773,1.0,1.0,0.0,0.0,3.4039,1.6066,4.8472
90.0,0,4.0,0.773,1.0,2.0,0.0,0.0,2.7703,3.0724,5.2951
91.0,0,4.0,0.773,1.0,2.0,1.0,0.0,2.5724,3.1449,5.2472
92.0,0,4.0,0.773,1.0,2.0,2.0,0.0,2.4854,3.1544,5.3327
93.0,0,4.0,0.773,1.0,3.0,2.0,0.0,1.9538,3.3059,5.4473
94.0,0,4.0,0.735,0.0,0.0,0.0,1.0,1.96,2.03,5.06
95.0,0,4.0,0.735,0.0,1.0,0.0,1.0,2.7673,3.2105,5.5671
96.0,0,4.0,0.735,0.0,2.0,0.0,1.0,2.7623,2.2634,5.259
97.0,0,4.0,0.896,1.0,0.0,0.0,2.0,1.93,2.04,4.97
98.0,0,4.0,0.896,1.0,0.0,1.0,2.0,2.2137,1.6126,4.745
99.0,0,4.0,0.896,1.0,1.0,1.0,2.0,2.01,0.9496,4.959
100.0,0,4.0,0.896,1.0,1.0,2.0,2.0,2.0564,1.8879,5.1975
101.0,0,4.0,0.896,1.0,2.0,2.0,2.0,1.8096,1.7081,5.2258
0.0,0,3.0,0.78,0.0,0.0,0.0,0.0,2.04,1.9,4.95
1.0,0,3.0,0.78,0.0,0.0,1.0,0.0,1.244,1.7923,5.5929
2.0,0,3.0,0.78,0.0,1.0,1.0,0.0,1.3176,3.1745,5.436
3.0,0,3.0,0.684,1.0,0.0,0.0,1.0,1.99,1.97,4.98
4.0,0,3.0,0.684,1.0,0.0,1.0,1.0,2.5249,1.8296,5.5045
5.0,0,3.0,0.684,1.0,1.0,1.0,1.0,2.8167,1.8587,5.0214
6.0,0,3.0,0.684,1.0,1.0,2.0,1.0,1.9497,2.6324,5.0229
7.0,0,3.0,0.773,1.0,0.0,0.0,2.0,2.06,2.05,5.0
8.0,0,3.0,0.773,1.0,1.0,0.0,2.0,0.4723,2.355,5.514
9.0,0,3.0,0.773,1.0,1.0,1.0,2.0,1.4185,2.2035,5.5342
10.0,0,3.0,0.721,0.0,0.0,0.0,0.0,2.03,1.97,4.98
11.0,0,3.0,0.721,0.0,0.0,1.0,0.0,2.1504,3.0917,5.4193
12.0,0,3.0,0.721,0.0,1.0,1.0,0.0,3.1029,2.3786,5.2752
13.0,0,3.0,0.721,0.0,2.0,1.0,0.0,3.1965,1.4676,5.168
14.0,0,3.0,0.721,0.0,2.0,2.0,0.0,2.9106,2.0992,5.4201
15.0,0,3.0,0.721,0.0,3.0,2.0,0.0,2.1777,2.5228,5.3691
16.0,1,3.0,0.724,0.0,0.0,0.0,0.0,2.08,1.96,4.94
17.0,1,3.0,0.724,0.0,1.0,0.0,0.0,1.5201,3.8649,5.4271
18.0,1,3.0,0.724,0.0,2.0,0.0,0.0,1.4192,3.8521,5.5671
19.0,1,3.0,0.724,0.0,2.0,1.0,0.0,1.7095,2.5356,5.1858
20.0,1,3.0,0.724,0.0,2.0,2.0,0.0,2.1474,2.7602,5.2679
21.0,1,3.0,0.724,0.0,3.0,2.0,0.0,2.1963,1.89,5.0447
22.0,1,3.0,0.724,0.0,3.0,3.0,0.0,2.1854,1.8005,5.0523
23.0,1,3.0,0.724,0.0,3.0,4.0,0.0,2.1376,1.9035,5.2071
24.0,2,2.0,0.627,0.0,0.0,0.0,0.0,2.05,2.1,5.0
25.0,2,2.0,0.627,0.0,0.0,1.0,0.0,1.3249,2.655,5.4245
26.0,2,2.0,0.627,0.0,0.0,2.0,0.0,1.7977,2.6488,5.5206
27.0,2,2.0,0.633,0.0,0.0,0.0,1.0,2.09,2.07,4.92
28.0,2,2.0,0.633,0.0,1.0,0.0,1.0,2.8374,0.5178,5.0278
29.0,3,2.0,0.604,1.0,0.0,0.0,2.0,2.08,1.96,4.98
30.0,3,2.0,0.604,1.0,1.0,0.0,2.0,2.03,2.8069,5.472
31.0,3,2.0,0.604,1.0,1.0,1.0,2.0,2.6377,2.7521,5.4482
32.0,3,2.0,0.604,1.0,2.0,1.0,2.0,1.5166,2.091,5.5113
33.0,3,2.0,0.604,1.0,2.0,2.0,2.0,2.0735,2.0386,5.4436
34.0,3,2.0,0.604,1.0,3.0,2.0,2.0,1.98,1.467,5.2986
35.0,3,2.0,0.604,1.0,3.0,3.0,2.0,1.8483,1.7645,5.4183
36.0,4,2.0,0.683,1.0,0.0,0.0,2.0,1.94,2.06,4.94
37.0,4,2.0,0.683,1.0,1.0,0.0,2.0,2.02,3.3494,5.5155
38.0,4,2.0,0.683,1.0,1.0,1.0,2.0,2.5473,2.6914,5.554
39.0,4,2.0,0.683,1.0,1.0,2.0,2.0,1.3342,2.9381,5.4438
40.0,0,2.0,0.78,0.0,0.0,0.0,0.0,2.04,1.99,4.95
41.0,2,2.0,0.684,1.0,0.0,0.0,0.0,2.03,2.04,5.01
42.0,2,2.0,0.684,1.0,0.0,1.0,0.0,1.9172,2.9331,5.6102
43.0,2,2.0,0.684,1.0,1.0,1.0,0.0,2.7384,2.3237,5.4533
44.0,2,2.0,0.684,1.0,2.0,1.0,0.0,1.8224,2.2239,5.3705
45.0,2,2.0,0.684,1.0,3.0,1.0,0.0,2.3005,2.5351,5.462
46.0,3,2.0,0.773,1.0,0.0,0.0,0.0,2.08,1.97,4.91
47.0,4,2.0,0.721,0.0,0.0,0.0,1.0,2.08,2.07,5.03
48.0,4,2.0,0.721,0.0,1.0,0.0,1.0,2.0,2.9666,4.9749
49.0,4,2.0,0.721,0.0,2.0,0.0,1.0,0.6682,3.4056,5.3887
50.0,4,2.0,0.721,0.0,2.0,1.0,1.0,1.6224,3.4112,5.3963
51.0,4,2.0,0.721,0.0,3.0,1.0,1.0,1.4343,2.6447,5.5098
52.0,0,-1.0,0.724,0.0,0.0,0.0,1.0,1.98,1.96,4.95
53.0,0,-1.0,0.724,0.0,0.0,1.0,1.0,3.0915,2.1656,5.5545
54.0,0,-1.0,0.724,0.0,0.0,2.0,1.0,2.2694,1.9314,5.5575
55.0,0,-1.0,0.724,0.0,0.0,3.0,1.0,2.0737,2.2463,5.4036
56.0,1,-1.0,0.627,0.0,0.0,0.0,1.0,2.09,2.07,5.02
57.0,1,-1.0,0.627,0.0,0.0,1.0,1.0,1.0887,1.8199,5.4266
58.0,1,-1.0,0.627,0.0,1.0,1.0,1.0,2.2955,2.537,5.3728
59.0,0,-1.0,0.633,0.0,0.0,0.0,0.0,1.99,2.0,5.1
60.0,0,-1.0,0.633,0.0,0.0,1.0,0.0,0.9782,2.4376,5.3984
61.0,0,-1.0,0.633,0.0,0.0,2.0,0.0,1.8591,2.4699,5.4085
62.0,1,-1.0,0.604,1.0,0.0,0.0,0.0,1.99,2.03,4.95
63.0,4,-1.0,0.683,1.0,0.0,0.0,0.0,1.99,2.07,4.95
64.0,2,-2.0,0.78,0.0,0.0,0.0,1.0,1.97,2.09,4.94
65.0,2,-2.0,0.78,0.0,1.0,0.0,1.0,3.391,3.371,5.4313
66.0,2,-2.0,0.78,0.0,1.0,1.0,1.0,2.7499,3.051,5.4898
67.0,2,-2.0,0.78,0.0,2.0,1.0,1.0,1.7587,3.6023,5.4198
68.0,2,-2.0,0.78,0.0,2.0,2.0,1.0,1.8079,2.6743,5.1576
69.0,3,-3.0,0.684,1.0,0.0,0.0,1.0,1.92,2.03,4.97
70.0,3,-3.0,0.684,1.0,0.0,1.0,1.0,2.2611,2.1758,4.8628
71.0,3,-3.0,0.684,1.0,0.0,2.0,1.0,2.3304,2.3188,5.339
72.0,3,-3.0,0.684,1.0,1.0,2.0,1.0,2.8938,1.6242,4.9889
73.0,3,-3.0,0.684,1.0,1.0,3.0,1.0,2.7987,2.0614,5.2839
74.0,3,-3.0,0.684,1.0,2.0,3.0,1.0,2.2575,1.8768,5.2329
75.0,3,-3.0,0.684,1.0,2.0,4.0,1.0,2.2794,2.1387,5.1648
76.0,3,-3.0,0.773,1.0,0.0,0.0,2.0,1.99,2.03,5.04
77.0,3,-3.0,0.773,1.0,1.0,0.0,2.0,2.841,1.5298,4.6977
78.0,3,-3.0,0.773,1.0,1.0,1.0,2.0,2.6511,1.7627,4.8508
79.0,3,-3.0,0.773,1.0,2.0,1.0,2.0,1.4808,1.6825,5.0472
0.0,0,0.0,0.75,0.0,0.0,0.0,0.0,2.08,1.97,5.09
1.0,0,0.0,0.75,0.0,0.0,1.0,0.0,1.9612,2.5698,5.528
2.0,0,0.0,0.531,0.0,0.0,0.0,1.0,1.97,2.03,4.93
3.0,0,0.0,0.531,0.0,1.0,0.0,1.0,1.0252,1.9125,5.5727
4.0,0,0.0,0.531,0.0,1.0,1.0,1.0,1.8878,2.6364,5.6196
5.0,0,0.0,0.531,0.0,1.0,2.0,1.0,1.8264,3.2072,5.6627
6.0,0,0.0,0.593,1.0,0.0,0.0,2.0,1.95,1.99,5.0
7.0,0,0.0,0.593,1.0,0.0,1.0,2.0,2.4631,1.745,4.908
8.0,0,0.0,0.593,1.0,0.0,2.0,2.0,1.8878,2.5967,5.4411
9.0,0,0.0,0.593,1.0,0.0,3.0,2.0,2.0246,2.6812,5.5919
10.0,0,1.0,0.606,0.0,0.0,0.0,0.0,1.91,1.98,5.02
11.0,0,1.0,0.606,0.0,1.0,0.0,0.0,1.6519,3.5912,5.5969
12.0,0,1.0,0.606,0.0,2.0,0.0,0.0,2.502,3.424,5.6438
13.0,0,1.0,0.606,0.0,2.0,1.0,0.0,2.0697,2.8949,5.5969
14.0,0,1.0,0.606,0.0,2.0,2.0,0.0,2.0268,3.009,5.52
15.0,0,1.0,0.606,0.0,2.0,3.0,0.0,2.1103,3.3497,5.54
16.0,0,1.0,0.606,0.0,3.0,3.0,0.0,1.9265,3.5023,5.6074
17.0,0,1.0,0.636,0.0,0.0,0.0,1.0,2.0,1.91,4.99
18.0,0,1.0,0.636,0.0,1.0,0.0,1.0,1.0728,2.9353,5.6058
19.0,0,1.0,0.636,0.0,2.0,0.0,1.0,1.6216,2.0048,5.2283
20.0,0,1.0,0.636,0.0,3.0,0.0,1.0,1.1252,2.3509,5.4747
21.0,1,1.0,0.776,0.0,0.0,0.0,1.0,1.93,1.95,5.03
22.0,1,1.0,0.609,0.0,0.0,0.0,2.0,2.0,2.08,5.0
23.0,2,0.0,0.614,1.0,0.0,0.0,2.0,1.97,1.97,4.98
24.0,2,0.0,0.614,1.0,1.0,0.0,2.0,3.1784,1.8787,5.0153
25.0,2,0.0,0.614,1.0,2.0,0.0,2.0,3.2193,2.0423,4.9144
26.0,2,0.0,0.614,1.0,3.0,0.0,2.0,2.0545,2.5713,5.2668
27.0,3,0.0,0.732,1.0,0.0,0.0,2.0,2.02,2.02,5.06
28.0,3,0.0,0.732,1.0,0.0,1.0,2.0,2.4816,2.9307,5.4891
29.0,3,0.0,0.732,1.0,0.0,2.0,2.0,2.4699,2.85,5.5638
30.0,0,2.0,0.75,0.0,0.0,0.0,0.0,1.96,1.93,4.94
31.0,0,2.0,0.75,0.0,0.0,1.0,0.0,2.5578,2.3827,5.5565
32.0,0,2.0,0.75,0.0,1.0,1.0,0.0,3.2703,2.1421,5.5749
33.0,0,2.0,0.75,0.0,1.0,2.0,0.0,2.9491,2.3156,5.6436
34.0,0,2.0,0.75,0.0,1.0,3.0,0.0,2.8174,2.107,5.2921
35.0,0,2.0,0.75,0.0,2.0,3.0,0.0,2.94,2.2864,5.3693
36.0,0,2.0,0.531,0.0,0.0,0.0,1.0,1.94,1.9,5.04
37.0,0,2.0,0.531,0.0,0.0,1.0,1.0,1.6913,3.0588,5.508
38.0,0,2.0,0.531,0.0,1.0,1.0,1.0,1.3858,3.5655,5.5727
39.0,0,2.0,0.531,0.0,2.0,1.0,1.0,1.702,2.2545,5.2475
40.0,0,2.0,0.593,1.0,0.0,0.0,2.0,2.06,1.96,4.95
41.0,0,3.0,0.606,0.0,0.0,0.0,0.0,2.03,2.05,4.91
42.0,0,3.0,0.606,0.0,1.0,0.0,0.0,1.5594,4.3898,5.6149
43.0,0,3.0,0.606,0.0,1.0,1.0,0.0,2.4198,3.4626,5.6603
44.0,0,3.0,0.606,0.0,1.0,2.0,0.0,2.2484,2.8933,5.3896
45.0,0,3.0,0.606,0.0,1.0,3.0,0.0,2.151,2.719,5.314
46.0,0,3.0,0.606,0.0,2.0,3.0,0.0,2.0266,2.015,5.2029
47.0,0,3.0,0.636,0.0,0.0,0.0,1.0,2.02,2.02,5.05
48.0,0,3.0,0.636,0.0,0.0,1.0,1.0,2.1368,1.8618,5.5649
49.0,0,3.0,0.636,0.0,1.0,1.0,1.0,1.7383,1.2621,5.2797
50.0,0,3.0,0.776,0.0,0.0,0.0,2.0,1.91,1.96,5.05
51.0,0,3.0,0.776,0.0,0.0,1.0,2.0,2.6533,1.9883,5.6218
52.0,0,3.0,0.776,0.0,0.0,2.0,2.0,2.6285,1.4985,5.3631
53.0,0,3.0,0.776,0.0,1.0,2.0,2.0,2.03,1.2216,5.4284
54.0,0,3.0,0.776,0.0,2.0,2.0,2.0,2.6924,1.1111,5.4472
55.0,0,3.0,0.776,0.0,3.0,2.0,2.0,2.8884,0.8861,5.2647
56.0,1,3.0,0.609,0.0,0.0,0.0,2.0,2.04,2.0,5.07
57.0,1,3.0,0.609,0.0,1.0,0.0,2.0,2.025,0.5579,5.0005
58.0,1,3.0,0.609,0.0,1.0,1.0,2.0,2.1322,2.2319,5.4796
59.0,1,3.0,0.609,0.0,2.0,1.0,2.0,2.6195,1.7644,5.2598
60.0,1,3.0,0.609,0.0,2.0,2.0,2.0,2.018,1.9053,5.1094
61.0,0,3.0,0.614,1.0,0.0,0.0,0.0,1.91,1.92,5.03
62.0,0,3.0,0.732,1.0,0.0,0.0,1.0,1.94,2.01,4.91
63.0,0,3.0,0.732,1.0,0.0,1.0,1.0,1.6968,2.2353,5.464
64.0,0,3.0,0.75,0.0,0.0,0.0,2.0,2.02,2.05,5.01
65.0,0,3.0,0.75,0.0,0.0,1.0,2.0,1.5951,1.9485,5.0578
66.0,0,3.0,0.75,0.0,0.0,2.0,2.0,2.367,3.0398,5.3423
67.0,2,3.0,0.531,0.0,0.0,0.0,2.0,1.92,2.04,5.01
68.0,2,3.0,0.531,0.0,0.0,1.0,2.0,2.7659,2.4316,5.3721
69.0,2,3.0,0.531,0.0,0.0,2.0,2.0,2.6414,3.0549,5.5725
70.0,2,3.0,0.531,0.0,0.0,3.0,2.0,1.8311,3.1187,5.6108
71.0,2,3.0,0.531,0.0,1.0,3.0,2.0,1.7715,3.5994,5.4997
72.0,2,3.0,0.531,0.0,2.0,3.0,2.0,2.02,2.8927,5.5035
73.0,2,3.0,0.531,0.0,3.0,3.0,2.0,1.4644,3.0139,5.3886
74.0,2,3.0,0.531,0.0,3.0,4.0,2.0,1.8032,2.7157,5.2543
75.0,2,3.0,0.531,0.0,3.0,5.0,2.0,1.6671,2.7574,5.4326
76.0,2,2.0,0.593,1.0,0.0,0.0,2.0,1.97,1.94,4.93
77.0,2,2.0,0.593,1.0,0.0,1.0,2.0,1.5878,2.7943,5.6096
78.0,2,2.0,0.593,1.0,0.0,2.0,2.0,1.3661,2.5298,5.4418
79.0,0,2.0,0.593,1.0,0.0,0.0,0.0,2.04,2.07,5.05
80.0,0,2.0,0.593,1.0,1.0,0.0,0.0,0.3871,2.3283,5.524
81.0,0,2.0,0.593,1.0,1.0,1.0,0.0,1.4176,2.615,5.3817
82.0,0,2.0,0.593,1.0,1.0,2.0,0.0,1.3465,2.472,5.4421
83.0,0,2.0,0.593,1.0,1.0,3.0,0.0,1.1257,2.1025,5.2094
84.0,0,2.0,0.606,0.0,0.0,0.0,1.0,1.99,1.91,5.02
85.0,0,2.0,0.606,0.0,1.0,0.0,1.0,2.6925,3.4288,5.2417
86.0,0,2.0,0.606,0.0,1.0,1.0,1.0,2.316,3.2448,5.3397
87.0,0,2.0,0.606,0.0,2.0,1.0,1.0,2.575,2.0803,5.1606
88.0,0,2.0,0.606,0.0,2.0,2.0,1.0,2.1538,1.9581,5.1478
89.0,0,2.0,0.606,0.0,2.0,3.0,1.0,1.8848,2.1942,5.3521
90.0,0,2.0,0.636,0.0,0.0,0.0,2.0,1.92,1.98,5.02
91.0,0,2.0,0.776,0.0,0.0,0.0,0.0,2.01,2.03,5.07
92.0,0,2.0,0.776,0.0,1.0,0.0,0.0,1.1157,1.7607,5.482
93.0,0,2.0,0.609,0.0,0.0,0.0,1.0,1.91,1.94,5.04
94.0,0,2.0,0.609,0.0,1.0,0.0,1.0,2.5092,0.9085,4.8072
95.0,0,2.0,0.609,0.0,1.0,1.0,1.0,2.3496,1.8482,5.2066
96.0,0,2.0,0.609,0.0,2.0,1.0,1.0,1.4102,1.516,5.0601
97.0,0,2.0,0.614,1.0,0.0,0.0,2.0,1.92,2.09,4.96
98.0,0,2.0,0.614,1.0,0.0,1.0,2.0,1.5804,2.1344,4.9102
99.0,0,2.0,0.614,1.0,0.0,2.0,2.0,1.8177,2.9925,5.2641
100.0,0,2.0,0.732,1.0,0.0,0.0,0.0,1.91,1.93,4.93
101.0,0,2.0,0.732,1.0,0.0,1.0,0.0,2.0774,3.0965,5.4724
102.0,0,2.0,0.732,1.0,0.0,2.0,0.0,1.3701,2.6054,5.5055
103.0,0,2.0,0.732,1.0,1.0,2.0,0.0,2.4405,1.7416,5.2239
0.0,0,0.0,0.712,1.0,0.0,0.0,0.0,2.09,2.06,4.92
1.0,0,0.0,0.712,1.0,0.0,1.0,0.0,1.9741,2.8841,5.6223
2.0,0,0.0,0.712,1.0,0.0,2.0,0.0,1.795,3.2415,5.533
3.0,0,0.0,0.633,0.0,0.0,0.0,1.0,2.02,2.07,5.09
4.0,0,0.0,0.633,0.0,0.0,1.0,1.0,1.6782,2.8821,5.6607
5.0,0,0.0,0.765,0.0,0.0,0.0,2.0,1.98,2.01,4.94
6.0,0,0.0,0.765,0.0,1.0,0.0,2.0,0.7541,2.3575,5.6396
7.0,0,0.0,0.765,0.0,2.0,0.0,2.0,1.3097,3.405,5.5634
8.0,0,0.0,0.765,0.0,2.0,1.0,2.0,1.4866,2.7035,5.5557
9.0,0,0.0,0.765,0.0,2.0,2.0,2.0,1.4653,2.4635,5.2028
10.0,0,0.0,0.685,1.0,0.0,0.0,0.0,1.97,2.03,4.95
11.0,0,0.0,0.685,1.0,0.0,1.0,0.0,0.8536,3.4493,5.5087
12.0,0,0.0,0.685,1.0,1.0,1.0,0.0,2.4081,2.9257,5.4695
13.0,0,-1.0,0.491,0.0,0.0,0.0,0.0,2.0,1.92,4.9
14.0,0,-1.0,0.491,0.0,1.0,0.0,0.0,2.0,1.4152,5.5554
15.0,0,-1.0,0.491,0.0,1.0,1.0,0.0,2.5212,2.4581,5.4605
16.0,1,-1.0,0.712,0.0,0.0,0.0,0.0,2.05,2.06,5.01
17.0,1,-1.0,0.712,0.0,0.0,1.0,0.0,2.2484,3.7461,5.3971
18.0,1,-1.0,0.712,0.0,1.0,1.0,0.0,1.8733,1.8171,5.2819
19.0,1,-1.0,0.712,0.0,2.0,1.0,0.0,2.6063,1.2407,5.0489
20.0,1,-1.0,0.712,0.0,2.0,2.0,0.0,2.4362,1.9542,5.2479
21.0,1,-1.0,0.632,0.0,0.0,0.0,1.0,2.04,2.02,4.97
22.0,1,-1.0,0.632,0.0,0.0,1.0,1.0,2.3082,2.2342,5.5902
23.0,1,-1.0,0.632,0.0,0.0,2.0,1.0,1.6123,2.0572,5.4084
24.0,1,-1.0,0.632,0.0,0.0,3.0,1.0,1.8951,1.8085,5.2979
25.0,2,-1.0,0.592,1.0,0.0,0.0,2.0,1.99,1.99,5.1
26.0,2,-1.0,0.592,1.0,0.0,1.0,2.0,1.8863,2.386,4.8924
27.0,2,-1.0,0.592,1.0,0.0,2.0,2.0,2.2738,2.9353,5.3002
28.0,2,-1.0,0.592,1.0,1.0,2.0,2.0,2.7153,2.829,5.4781
29.0,2,-1.0,0.592,1.0,2.0,2.0,2.0,2.6566,3.2153,5.4613
30.0,2,-1.0,0.592,1.0,2.0,3.0,2.0,2.1751,3.3007,5.4429
31.0,0,-1.0,0.394,1.0,0.0,0.0,0.0,1.98,2.09,4.93
32.0,0,-1.0,0.394,1.0,0.0,1.0,0.0,2.7729,2.5121,5.5276
33.0,0,-1.0,0.394,1.0,0.0,2.0,0.0,2.03,1.021,5.0343
34.0,0,-1.0,0.394,1.0,1.0,2.0,0.0,3.0203,0.5884,4.9021
35.0,0,-1.0,0.394,1.0,1.0,3.0,0.0,2.5281,1.9847,5.0526
36.0,0,-1.0,0.394,1.0,2.0,3.0,0.0,2.6119,1.3083,5.1031
37.0,0,-1.0,0.712,1.0,0.0,0.0,1.0,1.99,1.97,4.95
38.0,0,-1.0,0.633,0.0,0.0,0.0,2.0,2.06,1.98,5.01
39.0,0,-1.0,0.633,0.0,0.0,1.0,2.0,2.8166,2.3209,5.3964
40.0,0,-1.0,0.633,0.0,1.0,1.0,2.0,2.7509,1.798,5.0938
41.0,0,-1.0,0.633,0.0,2.0,1.0,2.0,2.8978,2.5584,5.2993
42.0,0,-1.0,0.633,0.0,2.0,2.0,2.0,2.6173,2.8542,5.299
43.0,0,-1.0,0.633,0.0,3.0,2.0,2.0,1.95,2.696,5.2883
44.0,0,0.0,0.765,0.0,0.0,0.0,0.0,2.02,1.94,5.07
45.0,0,0.0,0.765,0.0,0.0,1.0,0.0,2.3935,1.9451,4.7625
46.0,0,0.0,0.765,0.0,1.0,1.0,0.0,1.2591,2.3158,4.8142
47.0,0,0.0,0.765,0.0,1.0,2.0,0.0,2.2114,1.7139,4.9192
48.0,0,0.0,0.685,1.0,0.0,0.0,1.0,1.96,2.0,5.07
49.0,0,0.0,0.685,1.0,0.0,1.0,1.0,1.2722,3.8893,5.5865
50.0,0,0.0,0.685,1.0,1.0,1.0,1.0,2.2528,2.6989,5.638
51.0,0,0.0,0.685,1.0,1.0,2.0,1.0,1.9762,3.2541,5.5594
52.0,0,0.0,0.491,0.0,0.0,0.0,2.0,1.96,2.05,5.07
53.0,0,0.0,0.491,0.0,0.0,1.0,2.0,1.6119,2.6318,4.6452
54.0,0,0.0,0.491,0.0,0.0,2.0,2.0,1.4476,1.909,4.9357
55.0,0,0.0,0.491,0.0,1.0,2.0,2.0,2.1321,2.8842,5.2693
56.0,0,3.0,0.712,0.0,0.0,0.0,0.0,2.02,2.09,5.01
57.0,0,3.0,0.712,0.0,0.0,1.0,0.0,2.222,3.6346,5.277
58.0,0,3.0,0.712,0.0,1.0,1.0,0.0,2.5948,1.8322,4.9902
59.0,0,3.0,0.712,0.0,2.0,1.0,0.0,1.7838,2.4035,4.8962
60.0,0,3.0,0.712,0.0,3.0,1.0,0.0,1.3922,2.2994,5.0509
61.0,1,3.0,0.632,0.0,0.0,0.0,0.0,1.93,2.0,5.03
62.0,1,3.0,0.592,1.0,0.0,0.0,1.0,2.03,2.0,4.91
63.0,1,3.0,0.592,1.0,0.0,1.0,1.0,0.7529,3.693,5.5082
64.0,1,3.0,0.592,1.0,1.0,1.0,1.0,0.7203,2.4908,5.5498
65.0,1,3.0,0.394,1.0,0.0,0.0,2.0,1.9,2.03,5.08
66.0,0,3.0,0.712,1.0,0.0,0.0,0.0,2.07,2.07,5.07
67.0,0,3.0,0.712,1.0,1.0,0.0,0.0,3.1802,2.5809,4.8982
68.0,0,3.0,0.712,1.0,2.0,0.0,0.0,3.3179,2.4395,4.9051
69.0,0,3.0,0.712,1.0,3.0,0.0,0.0,3.1691,2.1061,5.0549
70.0,0,3.0,0.712,1.0,3.0,1.0,0.0,2.5725,2.5403,5.209
71.0,0,3.0,0.633,0.0,0.0,0.0,1.0,1.91,2.03,5.02
72.0,0,3.0,0.765,0.0,0.0,0.0,2.0,1.93,1.98,4.95
73.0,0,3.0,0.765,0.0,1.0,0.0,2.0,0.7157,3.5166,5.3832
74.0,0,3.0,0.685,1.0,0.0,0.0,0.0,1.97,2.08,5.05
75.0,0,3.0,0.685,1.0,0.0,1.0,0.0,1.1877,4.1999,5.534
76.0,0,3.0,0.685,1.0,1.0,1.0,0.0,1.9402,1.97,5.5547
77.0,0,3.0,0.491,0.0,0.0,0.0,1.0,1.95,2.04,5.06
78.0,0,3.0,0.712,0.0,0.0,0.0,2.0,2.04,2.03,5.05
79.0,0,3.0,0.712,0.0,1.0,0.0,2.0,2.9066,3.758,5.4168
80.0,0,3.0,0.712,0.0,1.0,1.0,2.0,2.5073,3.4754,5.3586
81.0,0,3.0,0.712,0.0,2.0,1.0,2.0,1.8142,3.7092,5.6067
82.0,0,3.0,0.712,0.0,2.0,2.0,2.0,2.1639,2.9634,5.3627
83.0,1,3.0,0.632,0.0,0.0,0.0,2.0,1.93,1.95,4.98
84.0,1,3.0,0.632,0.0,1.0,0.0,2.0,1.5016,1.1799,4.6325
85.0,3,3.0,0.592,1.0,0.0,0.0,2.0,1.96,1.92,5.06
86.0,3,2.0,0.619,0.0,0.0,0.0,2.0,2.03,1.91,4.92
87.0,3,2.0,0.619,0.0,1.0,0.0,2.0,1.99,-0.3756,5.3417
88.0,3,2.0,0.619,0.0,2.0,0.0,2.0,2.7254,2.6384,5.4912
89.0,3,2.0,0.619,0.0,3.0,0.0,2.0,2.8603,2.6051,5.4507
90.0,6,2.0,0.712,1.0,0.0,0.0,2.0,2.01,1.95,4.95
0.0,0,0.0,0.571,1.0,0.0,0.0,0.0,1.91,1.95,5.05
1.0,0,0.0,0.571,1.0,0.0,1.0,0.0,1.0409,3.0334,5.4849
2.0,0,0.0,0.571,1.0,0.0,2.0,0.0,1.7323,2.3282,5.0841
3.0,0,0.0,0.571,1.0,0.0,3.0,0.0,1.8943,3.2578,5.3661
4.0,0,0.0,0.571,1.0,1.0,3.0,0.0,1.9328,2.6176,5.3709
5.0,0,0.0,0.571,1.0,1.0,4.0,0.0,1.9899,2.2868,5.227
6.0,0,0.0,0.735,0.0,0.0,0.0,1.0,1.92,2.09,4.97
7.0,0,0.0,0.735,0.0,1.0,0.0,1.0,0.712,3.2426,5.6516
8.0,0,0.0,0.735,0.0,1.0,1.0,1.0,1.118,2.6965,5.6909
9.0,0,0.0,0.735,0.0,2.0,1.0,1.0,1.98,2.8315,5.5784
10.0,0,0.0,0.735,0.0,3.0,1.0,1.0,0.9906,3.243,5.6002
11.0,0,0.0,0.735,0.0,3.0,2.0,1.0,1.1299,2.7324,5.6239
12.0,1,0.0,0.592,1.0,0.0,0.0,1.0,2.05,2.1,5.0
13.0,1,0.0,0.592,1.0,0.0,1.0,1.0,0.6067,2.0389,5.4402
14.0,1,0.0,0.592,1.0,1.0,1.0,1.0,2.3864,1.7441,5.5479
15.0,1,0.0,0.592,1.0,1.0,2.0,1.0,2.2122,1.8279,5.0339
16.0,1,0.0,0.592,1.0,2.0,2.0,1.0,2.2089,1.4682,5.0332
17.0,1,0.0,0.773,1.0,0.0,0.0,2.0,1.97,1.9,5.06
18.0,1,0.0,0.773,1.0,0.0,1.0,2.0,2.1082,2.3823,5.4476
19.0,0,0.0,0.643,0.0,0.0,0.0,0.0,1.9,2.02,4.92
20.0,0,0.0,0.643,0.0,0.0,1.0,0.0,2.0369,2.2476,4.886
21.0,0,0.0,0.643,0.0,1.0,1.0,0.0,2.455,1.4207,5.3314
22.0,0,0.0,0.643,0.0,2.0,1.0,0.0,2.7222,1.9716,5.5361
23.0,0,0.0,0.643,0.0,2.0,2.0,0.0,2.7474,2.0822,5.1691
24.0,0,0.0,0.643,0.0,3.0,2.0,0.0,2.3398,1.4637,5.1369
25.0,0,0.0,0.643,0.0,3.0,3.0,0.0,2.086,1.6927,5.2982
26.0,0,0.0,0.643,0.0,3.0,4.0,0.0,1.9921,1.8922,5.3807
27.0,0,0.0,0.643,0.0,3.0,5.0,0.0,2.1002,2.0673,5.2996
28.0,1,0.0,0.768,1.0,0.0,0.0,0.0,2.0,2.02,5.03
29.0,1,0.0,0.768,1.0,0.0,1.0,0.0,1.3629,1.6795,5.4171
30.0,1,0.0,0.768,1.0,0.0,2.0,0.0,1.3533,1.7417,5.6195
31.0,0,0.0,0.648,0.0,0.0,0.0,1.0,2.02,1.98,5.02
32.0,0,0.0,0.648,0.0,1.0,0.0,1.0,1.97,2.8145,5.3553
33.0,0,0.0,0.648,0.0,1.0,1.0,1.0,2.1512,2.8386,5.3878
34.0,0,0.0,0.648,0.0,1.0,2.0,1.0,1.8226,2.7778,5.5908
35.0,0,0.0,0.648,0.0,2.0,2.0,1.0,1.469,3.3213,5.6282
36.0,0,0.0,0.648,0.0,3.0,2.0,1.0,1.9172,2.0667,5.4165
37.0,0,0.0,0.648,0.0,3.0,3.0,1.0,1.5431,2.3307,5.437
38.0,0,0.0,0.844,1.0,0.0,0.0,0.0,1.98,1.99,5.04
39.0,0,0.0,0.844,1.0,1.0,0.0,0.0,0.7786,3.558,5.4129
40.0,0,0.0,0.844,1.0,2.0,0.0,0.0,1.8323,2.4296,5.5636
41.0,0,0.0,0.844,1.0,2.0,1.0,0.0,2.0417,2.2244,5.1271
42.0,0,0.0,0.844,1.0,2.0,2.0,0.0,1.8417,2.6764,5.2315
43.0,0,0.0,0.844,1.0,3.0,2.0,0.0,2.1095,2.2827,5.156
44.0,0,0.0,0.361,0.0,0.0,0.0,1.0,2.03,2.08,5.06
45.0,0,0.0,0.361,0.0,0.0,1.0,1.0,3.2884,2.5311,5.2028
46.0,0,0.0,0.361,0.0,1.0,1.0,1.0,1.6843,1.219,5.0248
47.0,0,0.0,0.361,0.0,1.0,2.0,1.0,1.3871,2.3082,5.3556
48.0,0,0.0,0.571,1.0,0.0,0.0,2.0,2.0,1.96,5.03
49.0,0,0.0,0.571,1.0,1.0,0.0,2.0,2.04,3.2528,5.5482
50.0,0,0.0,0.571,1.0,1.0,1.0,2.0,2.3106,3.2528,5.4799
51.0,0,0.0,0.571,1.0,2.0,1.0,2.0,2.5132,2.2302,5.132
52.0,0,0.0,0.571,1.0,2.0,2.0,2.0,1.8203,2.6542,5.3103
53.0,0,0.0,0.571,1.0,3.0,2.0,2.0,1.8795,2.0738,5.2784
54.0,0,0.0,0.571,1.0,3.0,3.0,2.0,1.5981,2.2958,5.3261
55.0,0,0.0,0.571,1.0,3.0,4.0,2.0,1.8004,2.537,5.3843
56.0,0,0.0,0.571,1.0,3.0,5.0,2.0,1.9058,2.5468,5.2347
57.0,0,0.0,0.735,0.0,0.0,0.0,0.0,1.9,2.07,4.92
58.0,0,0.0,0.735,0.0,0.0,1.0,0.0,2.5585,3.4988,5.4062
59.0,0,0.0,0.735,0.0,0.0,2.0,0.0,2.063,2.3252,5.2652
60.0,0,0.0,0.735,0.0,1.0,2.0,0.0,1.9233,3.0845,5.3867
61.0,0,0.0,0.735,0.0,2.0,2.0,0.0,1.8867,3.4656,5.4002
62.0,0,0.0,0.592,1.0,0.0,0.0,1.0,2.07,1.94,5.0
63.0,1,0.0,0.773,1.0,0.0,0.0,1.0,2.01,1.97,4.92
64.0,1,0.0,0.773,1.0,0.0,1.0,1.0,2.1786,2.9364,5.6002
65.0,1,0.0,0.773,1.0,0.0,2.0,1.0,2.2387,3.1356,5.4802
66.0,1,0.0,0.773,1.0,0.0,3.0,1.0,2.3154,3.02,5.5331
67.0,3,0.0,0.643,0.0,0.0,0.0,1.0,1.98,2.03,5.04
68.0,3,0.0,0.643,0.0,1.0,0.0,1.0,2.05,1.5866,5.3006
69.0,3,0.0,0.643,0.0,1.0,1.0,1.0,2.2768,1.9927,5.192
70.0,3,0.0,0.768,1.0,0.0,0.0,2.0,1.93,1.91,5.05
71.0,0,0.0,0.648,0.0,0.0,0.0,0.0,2.06,1.93,4.92
72.0,0,0.0,0.648,0.0,0.0,1.0,0.0,1.2454,2.1377,4.8408
73.0,0,0.0,0.648,0.0,0.0,2.0,0.0,2.5364,2.6321,5.1914
74.0,0,0.0,0.844,1.0,0.0,0.0,1.0,2.03,2.05,5.09
75.0,0,0.0,0.844,1.0,0.0,1.0,1.0,0.6796,2.8129,5.342
76.0,0,0.0,0.844,1.0,0.0,2.0,1.0,0.8885,2.233,5.0507
77.0,0,0.0,0.844,1.0,1.0,2.0,1.0,1.8344,3.1586,5.2704
78.0,0,0.0,0.844,1.0,2.0,2.0,1.0,2.4982,2.5814,5.2929
79.0,0,0.0,0.844,1.0,3.0,2.0,1.0,2.0069,2.5463,5.3383
80.0,0,0.0,0.361,0.0,0.0,0.0,2.0,1.96,1.96,5.07
81.0,0,0.0,0.361,0.0,0.0,1.0,2.0,1.2512,3.3064,4.9013
82.0,0,0.0,0.361,0.0,1.0,1.0,2.0,1.8985,3.861,5.2813
83.0,0,0.0,0.361,0.0,1.0,2.0,2.0,2.1906,3.2615,5.3052
84.0,0,0.0,0.571,1.0,0.0,0.0,0.0,1.98,2.1,5.07
85.0,0,0.0,0.571,1.0,0.0,1.0,0.0,2.5565,2.4073,5.5571
86.0,0,0.0,0.571,1.0,0.0,2.0,0.0,2.1109,3.2991,5.4747
87.0,0,0.0,0.571,1.0,0.0,3.0,0.0,2.2837,2.8549,5.5906
88.0,0,0.0,0.735,0.0,0.0,0.0,1.0,1.93,2.05,4.92
89.0,0,0.0,0.735,0.0,0.0,1.0,1.0,0.9917,2.5167,5.5145
90.0,0,0.0,0.735,0.0,0.0,2.0,1.0,1.4304,2.3486,5.5345
91.0,0,0.0,0.592,1.0,0.0,0.0,2.0,2.06,1.99,4.94
92.0,0,0.0,0.592,1.0,0.0,1.0,2.0,1.6609,2.2758,5.3388
93.0,0,0.0,0.592,1.0,1.0,1.0,2.0,1.99,1.9283,5.5144
94.0,0,0.0,0.592,1.0,1.0,2.0,2.0,2.4226,1.8835,5.3253
95.0,0,0.0,0.592,1.0,2.0,2.0,2.0,2.8984,2.0824,5.4443
96.0,0,0.0,0.592,1.0,3.0,2.0,2.0,3.145,1.801,5.2549
97.0,0,0.0,0.592,1.0,3.0,3.0,2.0,2.6573,2.0251,5.3482
98.0,0,0.0,0.592,1.0,3.0,4.0,2.0,2.56,2.0439,5.2416
99.0,0,0.0,0.592,1.0,3.0,5.0,2.0,2.5644,2.2995,5.2552
100.0,0,0.0,0.592,1.0,3.0,6.0,2.0,2.4004,2.393,5.3288
0.0,0,0.0,0.677,0.0,0.0,0.0,0.0,1.95,2.07,4.96
1.0,0,0.0,0.677,0.0,0.0,1.0,0.0,1.973,2.6313,5.5007
2.0,0,0.0,0.677,0.0,1.0,1.0,0.0,2.5191,3.3791,5.503
3.0,0,0.0,0.677,0.0,2.0,1.0,0.0,2.5973,2.5938,5.2182
4.0,0,0.0,0.677,0.0,2.0,2.0,0.0,2.7085,2.5651,5.2597
5.0,0,0.0,0.677,0.0,2.0,3.0,0.0,2.3796,2.6967,5.3181
6.0,0,0.0,0.812,1.0,0.0,0.0,1.0,2.04,1.97,4.91
7.0,0,0.0,0.812,1.0,1.0,0.0,1.0,2.05,2.5967,5.5476
8.0,0,0.0,0.812,1.0,2.0,0.0,1.0,0.8655,2.9422,5.6207
9.0,0,0.0,0.91,0.0,0.0,0.0,2.0,2.05,1.99,4.99
10.0,0,0.0,0.91,0.0,1.0,0.0,2.0,1.3851,3.3705,5.6954
11.0,0,0.0,0.79,1.0,0.0,0.0,0.0,2.07,2.07,5.03
12.0,0,0.0,0.79,1.0,1.0,0.0,0.0,2.7544,2.7381,5.4765
13.0,0,0.0,0.79,1.0,1.0,1.0,0.0,2.5972,2.7345,5.5879
14.0,0,0.0,0.79,1.0,1.0,2.0,0.0,2.235,2.6979,5.4867
15.0,0,0.0,0.79,1.0,2.0,2.0,0.0,2.5749,1.9355,5.1269
16.0,0,0.0,0.675,0.0,0.0,0.0,1.0,2.04,2.05,5.08
17.0,0,0.0,0.675,0.0,0.0,1.0,1.0,1.8506,2.9509,4.8386
18.0,0,0.0,0.675,0.0,0.0,2.0,1.0,1.6069,2.6312,4.8137
19.0,0,0.0,0.675,0.0,1.0,2.0,1.0,1.3886,3.3704,5.1744
20.0,0,0.0,0.719,1.0,0.0,0.0,2.0,2.09,2.02,4.9
21.0,0,0.0,0.719,1.0,0.0,1.0,2.0,2.4507,1.8096,4.8439
22.0,0,0.0,0.719,1.0,1.0,1.0,2.0,1.8758,3.2872,5.2001
23.0,0,0.0,0.719,1.0,2.0,1.0,2.0,2.2192,3.4926,5.4215
24.0,0,2.0,0.695,0.0,0.0,0.0,0.0,2.06,2.01,4.92
25.0,0,2.0,0.695,0.0,0.0,1.0,0.0,1.7211,2.591,5.5182
26.0,1,2.0,0.737,1.0,0.0,0.0,0.0,2.01,1.92,4.97
27.0,1,2.0,0.737,1.0,1.0,0.0,0.0,2.5465,2.1888,5.4388
28.0,1,2.0,0.737,1.0,2.0,0.0,0.0,1.8516,3.0943,5.4435
29.0,1,2.0,0.737,1.0,3.0,0.0,0.0,2.6041,2.4442,5.3462
30.0,1,2.0,0.737,1.0,3.0,1.0,0.0,2.2516,2.4169,5.3654
31.0,1,2.0,0.737,1.0,3.0,2.0,0.0,1.7952,2.3478,5.3562
32.0,1,2.0,0.737,1.0,3.0,3.0,0.0,1.6621,2.4947,5.5332
33.0,3,2.0,0.696,0.0,0.0,0.0,0.0,2.09,1.97,5.07
34.0,3,2.0,0.696,0.0,0.0,1.0,0.0,1.8174,3.1781,5.5082
35.0,3,2.0,0.696,0.0,0.0,2.0,0.0,1.4889,3.207,5.4851
36.0,3,2.0,0.696,0.0,0.0,3.0,0.0,1.5133,2.349,5.1307
37.0,6,2.0,0.677,0.0,0.0,0.0,0.0,1.98,2.09,5.08
38.0,6,2.0,0.677,0.0,1.0,0.0,0.0,2.7157,1.2521,4.9991
39.0,6,2.0,0.677,0.0,1.0,1.0,0.0,2.194,2.832,5.2121
40.0,6,2.0,0.677,0.0,1.0,2.0,0.0,1.8569,1.9137,4.9645
41.0,6,2.0,0.677,0.0,2.0,2.0,0.0,2.3387,1.3176,4.8692
42.0,6,2.0,0.677,0.0,2.0,3.0,0.0,2.2564,1.3236,4.9856
43.0,6,2.0,0.677,0.0,2.0,4.0,0.0,2.3344,1.639,5.0546
44.0,5,2.0,0.812,1.0,0.0,0.0,1.0,2.03,2.0,4.95
45.0,5,2.0,0.812,1.0,1.0,0.0,1.0,3.3215,1.0402,4.7325
46.0,5,2.0,0.812,1.0,1.0,1.0,1.0,1.8336,2.516,5.2065
47.0,5,2.0,0.812,1.0,1.0,2.0,1.0,2.1351,2.9074,5.3799
48.0,5,2.0,0.812,1.0,2.0,2.0,1.0,2.3892,1.9987,5.0325
49.0,0,2.0,0.91,0.0,0.0,0.0,0.0,1.95,1.95,4.99
50.0,0,2.0,0.91,0.0,1.0,0.0,0.0,1.2583,1.98,5.372
51.0,0,2.0,0.91,0.0,2.0,0.0,0.0,1.98,3.8252,4.8594
52.0,0,2.0,0.91,0.0,2.0,1.0,0.0,1.2914,3.678,5.2515
53.0,0,2.0,0.91,0.0,2.0,2.0,0.0,1.9722,3.3631,5.1154
54.0,0,2.0,0.91,0.0,3.0,2.0,0.0,1.8226,2.6793,5.1271
55.0,0,2.0,0.79,1.0,0.0,0.0,1.0,1.95,1.93,4.91
56.0,0,2.0,0.79,1.0,1.0,0.0,1.0,3.5747,2.4651,5.5682
57.0,0,2.0,0.79,1.0,1.0,1.0,1.0,2.2784,3.2979,5.4521
58.0,0,2.0,0.79,1.0,1.0,2.0,1.0,2.0702,2.5456,5.2058
59.0,0,2.0,0.79,1.0,2.0,2.0,1.0,2.0249,2.0031,5.2241
60.0,0,2.0,0.79,1.0,3.0,2.0,1.0,2.5121,2.4308,5.199
61.0,0,2.0,0.675,0.0,0.0,0.0,2.0,1.95,1.99,5.09
62.0,0,2.0,0.675,0.0,1.0,0.0,2.0,0.5377,3.025,4.6952
63.0,0,3.0,0.719,1.0,0.0,0.0,0.0,2.08,1.97,4.96
64.0,0,3.0,0.719,1.0,1.0,0.0,0.0,1.6791,3.9138,5.3793
65.0,0,3.0,0.719,1.0,1.0,1.0,0.0,1.9144,2.7492,5.5332
66.0,0,3.0,0.719,1.0,2.0,1.0,0.0,2.6808,2.8355,5.0815
67.0,0,3.0,0.719,1.0,2.0,2.0,0.0,1.9397,2.7151,5.236
68.0,0,3.0,0.719,1.0,3.0,2.0,0.0,1.7983,3.152,5.3287
69.0,1,3.0,0.695,0.0,0.0,0.0,0.0,2.0,2.07,5.0
70.0,1,3.0,0.695,0.0,0.0,1.0,0.0,2.2041,3.1756,5.5198
71.0,1,3.0,0.695,0.0,0.0,2.0,0.0,2.115,2.3281,4.9033
72.0,1,3.0,0.695,0.0,1.0,2.0,0.0,1.761,1.9365,4.852
73.0,1,3.0,0.695,0.0,1.0,3.0,0.0,1.7735,2.1816,5.2128
74.0,1,3.0,0.695,0.0,1.0,4.0,0.0,1.8128,2.6042,5.309
75.0,1,3.0,0.695,0.0,2.0,4.0,0.0,2.2103,2.2954,5.2843
76.0,1,3.0,0.695,0.0,3.0,4.0,0.0,2.05,2.4608,5.2735
77.0,1,3.0,0.737,1.0,0.0,0.0,1.0,2.02,2.03,5.04
78.0,1,3.0,0.696,0.0,0.0,0.0,2.0,1.93,1.9,5.08
79.0,1,3.0,0.696,0.0,0.0,1.0,2.0,1.6317,2.2323,5.1776
80.0,1,3.0,0.696,0.0,1.0,1.0,2.0,0.9678,2.2696,5.0973
81.0,1,3.0,0.696,0.0,2.0,1.0,2.0,2.0912,2.8724,5.2912
82.0,0,3.0,0.677,0.0,0.0,0.0,0.0,2.1,2.07,4.91
83.0,0,3.0,0.677,0.0,0.0,1.0,0.0,1.7517,1.8539,5.2942
84.0,0,3.0,0.677,0.0,1.0,1.0,0.0,2.3716,1.0744,4.9702
85.0,0,3.0,0.677,0.0,1.0,2.0,0.0,2.5646,1.7761,5.2476
86.0,1,3.0,0.812,1.0,0.0,0.0,0.0,2.0,1.97,5.06
87.0,1,3.0,0.812,1.0,0.0,1.0,0.0,1.9175,3.3876,5.4962
88.0,0,3.0,0.91,0.0,0.0,0.0,1.0,2.0,1.99,5.01
89.0,0,3.0,0.91,0.0,0.0,1.0,1.0,2.8098,2.3071,5.4457
90.0,0,3.0,0.79,1.0,0.0,0.0,0.0,2.0,1.98,5.07
91.0,0,3.0,0.79,1.0,0.0,1.0,0.0,0.9876,3.8386,5.3884
92.0,0,3.0,0.675,0.0,0.0,0.0,1.0,1.94,1.94,4.95
93.0,0,3.0,0.675,0.0,1.0,0.0,1.0,2.2479,3.9243,5.4851
94.0,0,3.0,0.675,0.0,1.0,1.0,1.0,2.2206,2.9253,5.3117
95.0,0,3.0,0.675,0.0,2.0,1.0,1.0,2.6066,2.4993,5.1743
96.0,0,3.0,0.675,0.0,2.0,2.0,1.0,2.7331,2.3652,5.1987
97.0,0,3.0,0.719,1.0,0.0,0.0,2.0,2.02,1.92,4.96
98.0,0,3.0,0.719,1.0,0.0,1.0,2.0,2.4505,3.4967,5.4504
99.0,0,3.0,0.719,1.0,1.0,1.0,2.0,1.1444,3.1049,5.472
100.0,0,3.0,0.719,1.0,2.0,1.0,2.0,1.0967,3.2401,5.4864
101.0,0,2.0,0.695,0.0,0.0,0.0,2.0,1.95,1.91,5.08
102.0,0,2.0,0.695,0.0,1.0,0.0,2.0,0.7193,2.6165,5.1454
103.0,0,2.0,0.695,0.0,2.0,0.0,2.0,0.672,2.9001,5.4373
104.0,0,2.0,0.695,0.0,2.0,1.0,2.0,1.1253,2.8963,5.3662
105.0,0,2.0,0.695,0.0,2.0,2.0,2.0,1.4373,2.7268,5.5009
106.0,0,2.0,0.695,0.0,3.0,2.0,2.0,1.6006,2.0678,5.1481
107.0,1,2.0,0.737,1.0,0.0,0.0,2.0,2.04,2.0,4.94
108.0,1,2.0,0.737,1.0,1.0,0.0,2.0,2.3238,1.6522,4.7392
109.0,1,2.0,0.737,1.0,1.0,1.0,2.0,2.047,2.1388,5.2431
110.0,1,2.0,0.737,1.0,1.0,2.0,2.0,1.4275,2.0727,5.1043
111.0,1,2.0,0.737,1.0,2.0,2.0,2.0,1.4855,2.9777,5.2484
112.0,1,2.0,0.737,1.0,3.0,2.0,2.0,1.677,2.5109,4.92
0.0,0,1.0,0.882,0.0,0.0,0.0,0.0,2.08,2.0,4.96
1.0,0,1.0,0.882,0.0,1.0,0.0,0.0,0.8042,2.3446,5.3304
2.0,0,1.0,0.882,0.0,1.0,1.0,0.0,1.7745,1.922,5.4113
3.0,0,1.0,0.882,0.0,2.0,1.0,0.0,2.02,1.908,5.6034
4.0,1,1.0,0.698,0.0,0.0,0.0,0.0,2.07,2.04,4.92
5.0,5,1.0,0.822,1.0,0.0,0.0,0.0,2.01,2.09,4.96
6.0,5,1.0,0.822,1.0,1.0,0.0,0.0,0.9118,3.4837,5.5707
7.0,3,0.0,0.94,0.0,0.0,0.0,1.0,2.01,2.02,4.94
8.0,3,0.0,0.94,0.0,0.0,1.0,1.0,1.2654,2.1411,5.6196
9.0,3,0.0,0.805,0.0,0.0,0.0,2.0,1.96,1.97,4.95
10.0,3,0.0,0.805,0.0,1.0,0.0,2.0,0.8244,2.6386,5.5391
11.0,3,0.0,0.805,0.0,2.0,0.0,2.0,1.7113,3.4519,5.3281
12.0,3,0.0,0.805,0.0,3.0,0.0,2.0,1.8429,2.2876,5.5499
13.0,3,0.0,0.805,0.0,3.0,1.0,2.0,1.7136,2.6781,5.4799
14.0,0,0.0,0.758,1.0,0.0,0.0,0.0,2.06,1.96,4.98
15.0,1,0.0,0.685,0.0,0.0,0.0,0.0,2.02,1.97,5.01
16.0,1,0.0,0.685,0.0,0.0,1.0,0.0,1.8864,2.5953,5.466
17.0,1,0.0,0.685,0.0,0.0,2.0,0.0,1.9862,1.8516,5.3254
18.0,1,0.0,0.682,0.0,0.0,0.0,1.0,1.95,1.95,5.06
19.0,1,0.0,0.682,0.0,0.0,1.0,1.0,2.3795,2.7234,5.4791
20.0,1,0.0,0.682,0.0,0.0,2.0,1.0,2.3987,3.2548,5.3757
21.0,1,0.0,0.682,0.0,1.0,2.0,1.0,2.1196,2.1279,5.1089
22.0,0,0.0,0.689,1.0,0.0,0.0,0.0,2.03,2.02,4.93
23.0,0,0.0,0.882,0.0,0.0,0.0,1.0,1.96,1.98,4.99
24.0,0,0.0,0.882,0.0,1.0,0.0,1.0,2.8881,1.8984,5.4934
25.0,0,0.0,0.698,0.0,0.0,0.0,2.0,2.08,2.08,5.07
26.0,0,0.0,0.698,0.0,0.0,1.0,2.0,2.4054,1.9225,5.5671
27.0,0,0.0,0.698,0.0,1.0,1.0,2.0,2.4049,2.0,5.4931
28.0,0,0.0,0.698,0.0,1.0,2.0,2.0,2.4325,2.628,5.4222
29.0,0,0.0,0.698,0.0,2.0,2.0,2.0,2.2955,1.4903,5.2228
30.0,0,2.0,0.822,1.0,0.0,0.0,0.0,1.96,1.98,4.94
31.0,0,2.0,0.822,1.0,0.0,1.0,0.0,2.1229,2.4961,4.9239
32.0,0,2.0,0.822,1.0,0.0,2.0,0.0,1.7594,2.2353,5.2493
33.0,0,2.0,0.94,0.0,0.0,0.0,1.0,1.91,1.97,4.98
34.0,0,2.0,0.94,0.0,0.0,1.0,1.0,2.7129,2.8013,5.5076
35.0,0,2.0,0.94,0.0,0.0,2.0,1.0,2.8581,1.583,5.0627
36.0,0,2.0,0.94,0.0,1.0,2.0,1.0,2.6202,2.7162,5.313
37.0,0,2.0,0.805,0.0,0.0,0.0,2.0,2.04,2.03,4.92
38.0,0,2.0,0.805,0.0,1.0,0.0,2.0,1.711,3.674,5.4929
39.0,0,2.0,0.805,0.0,1.0,1.0,2.0,2.1537,2.5168,5.0975
40.0,0,2.0,0.805,0.0,2.0,1.0,2.0,2.8205,2.3552,5.33
41.0,0,2.0,0.805,0.0,2.0,2.0,2.0,2.4352,2.4905,5.3098
42.0,0,2.0,0.805,0.0,2.0,3.0,2.0,2.3253,2.5333,5.4827
43.0,0,2.0,0.805,0.0,3.0,3.0,2.0,2.1482,2.1985,5.2866
44.0,1,2.0,0.758,1.0,0.0,0.0,2.0,2.09,2.09,4.98
45.0,1,2.0,0.758,1.0,0.0,1.0,2.0,2.4442,1.8729,4.9702
46.0,1,2.0,0.758,1.0,1.0,1.0,2.0,2.6236,3.0068,5.2309
47.0,1,2.0,0.758,1.0,1.0,2.0,2.0,2.1511,2.5412,5.4596
48.0,1,2.0,0.758,1.0,2.0,2.0,2.0,2.03,1.78,5.28
49.0,1,2.0,0.758,1.0,2.0,3.0,2.0,2.0924,2.0675,5.1683
50.0,1,2.0,0.758,1.0,2.0,4.0,2.0,2.2306,2.3443,5.2759
51.0,1,2.0,0.758,1.0,2.0,5.0,2.0,1.8636,2.2659,5.1543
52.0,1,2.0,0.758,1.0,3.0,5.0,2.0,1.61,2.4505,5.2641
53.0,1,2.0,0.758,1.0,3.0,6.0,2.0,1.6477,2.4599,5.3154
54.0,0,3.0,0.685,0.0,0.0,0.0,0.0,1.95,2.0,5.06
55.0,0,3.0,0.685,0.0,0.0,1.0,0.0,1.8801,2.3366,5.4209
56.0,0,3.0,0.682,0.0,0.0,0.0,1.0,1.92,2.06,5.01
57.0,0,3.0,0.682,0.0,0.0,1.0,1.0,2.7224,2.4347,5.402
58.0,0,3.0,0.682,0.0,1.0,1.0,1.0,2.4077,3.5066,5.3548
59.0,0,3.0,0.682,0.0,2.0,1.0,1.0,1.9363,3.7108,5.1265
60.0,0,3.0,0.682,0.0,2.0,2.0,1.0,1.7512,3.5507,5.3172
61.0,0,3.0,0.689,1.0,0.0,0.0,2.0,2.1,1.98,5.02
62.0,0,3.0,0.882,0.0,0.0,0.0,0.0,2.04,1.94,5.05
63.0,0,3.0,0.882,0.0,0.0,1.0,0.0,1.924,2.1695,5.3404
64.0,0,3.0,0.698,0.0,0.0,0.0,1.0,2.01,1.9,5.04
65.0,0,3.0,0.698,0.0,0.0,1.0,1.0,2.5728,2.6472,4.8935
66.0,0,3.0,0.698,0.0,1.0,1.0,1.0,2.3734,3.879,5.1518
67.0,0,3.0,0.698,0.0,1.0,2.0,1.0,2.4755,3.5274,5.2715
68.0,0,3.0,0.698,0.0,2.0,2.0,1.0,2.2403,2.8461,5.2928
69.0,0,3.0,0.698,0.0,2.0,3.0,1.0,1.9208,2.6712,5.2243
70.0,0,3.0,0.698,0.0,2.0,4.0,1.0,1.7789,2.6059,5.3238
71.0,0,3.0,0.698,0.0,3.0,4.0,1.0,1.562,2.7687,5.2518
72.0,0,3.0,0.698,0.0,3.0,5.0,1.0,1.4377,2.7306,5.3565
73.0,0,3.0,0.822,1.0,0.0,0.0,2.0,2.01,2.08,4.92
74.0,0,3.0,0.822,1.0,0.0,1.0,2.0,1.3835,1.659,5.4877
75.0,0,3.0,0.822,1.0,0.0,2.0,2.0,2.3691,1.9921,5.1071
76.0,0,3.0,0.822,1.0,1.0,2.0,2.0,1.9137,3.1113,5.3771
77.0,0,3.0,0.822,1.0,2.0,2.0,2.0,2.5699,2.5265,5.0652
78.0,0,3.0,0.94,0.0,0.0,0.0,0.0,2.01,1.91,5.03
79.0,0,3.0,0.94,0.0,1.0,0.0,0.0,2.3383,3.9817,5.1287
80.0,0,3.0,0.805,0.0,0.0,0.0,1.0,2.04,1.92,5.09
81.0,0,3.0,0.805,0.0,1.0,0.0,1.0,2.02,2.9617,5.4515
82.0,0,3.0,0.805,0.0,1.0,1.0,1.0,2.2372,3.0709,5.3276
83.0,0,3.0,0.805,0.0,1.0,2.0,1.0,2.9989,3.0744,5.2715
84.0,0,3.0,0.805,0.0,2.0,2.0,1.0,1.9848,2.6871,5.0924
85.0,0,3.0,0.805,0.0,2.0,3.0,1.0,2.2294,2.5148,4.9077
86.0,0,3.0,0.758,1.0,0.0,0.0,2.0,1.96,2.09,5.08
87.0,0,3.0,0.758,1.0,1.0,0.0,2.0,0.6638,2.8525,5.3353
0.0,0,0.0,0.91,0.0,0.0,0.0,0.0,2.09,1.93,4.92
1.0,0,0.0,0.91,0.0,1.0,0.0,0.0,0.7887,2.9959,5.6045
2.0,0,0.0,0.91,0.0,2.0,0.0,0.0,1.0219,3.2018,5.5984
3.0,0,0.0,0.91,0.0,2.0,1.0,0.0,1.9109,3.0698,5.5701
4.0,0,0.0,0.91,0.0,2.0,2.0,0.0,2.3727,2.8295,5.3788
5.0,0,0.0,0.91,0.0,3.0,2.0,0.0,2.4422,3.1706,5.4552
6.0,0,0.0,0.91,0.0,3.0,3.0,0.0,2.643,3.0169,5.4777
7.0,0,0.0,0.91,0.0,3.0,4.0,0.0,2.4372,2.9277,5.6347
8.0,0,0.0,0.91,0.0,3.0,5.0,0.0,2.4254,2.9945,5.6153
9.0,0,-1.0,0.746,0.0,0.0,0.0,0.0,2.01,2.03,5.07
10.0,0,-1.0,0.746,0.0,0.0,1.0,0.0,2.3069,2.299,5.5649
11.0,0,-1.0,0.746,0.0,1.0,1.0,0.0,3.1091,2.0983,5.558
12.0,0,-1.0,0.73,1.0,0.0,0.0,1.0,2.01,2.0,5.07
13.0,0,-1.0,0.73,1.0,0.0,1.0,1.0,0.7673,3.6091,5.6554
14.0,0,-1.0,0.73,1.0,1.0,1.0,1.0,1.3211,4.1113,5.5077
15.0,0,-1.0,0.73,1.0,1.0,2.0,1.0,1.7743,3.3562,5.246
16.0,0,-1.0,0.73,1.0,2.0,2.0,1.0,1.9823,1.97,5.2451
17.0,0,-1.0,0.781,0.0,0.0,0.0,2.0,1.94,1.99,5.03
18.0,0,-1.0,0.781,0.0,0.0,1.0,2.0,1.8243,2.7732,5.488
19.0,0,-1.0,0.781,0.0,1.0,1.0,2.0,2.7109,2.3011,5.547
20.0,0,-1.0,0.781,0.0,1.0,2.0,2.0,1.97,1.494,5.165
21.0,0,-1.0,0.781,0.0,2.0,2.0,2.0,2.04,2.0736,5.1818
22.0,1,-1.0,0.817,0.0,0.0,0.0,2.0,1.92,1.98,5.06
23.0,1,-1.0,0.817,0.0,1.0,0.0,2.0,2.9121,3.2504,5.5485
24.0,1,-1.0,0.817,0.0,2.0,0.0,2.0,3.1186,2.8282,5.6361
25.0,1,-1.0,0.817,0.0,2.0,1.0,2.0,3.074,2.5201,5.6084
26.0,1,-1.0,0.817,0.0,2.0,2.0,2.0,3.0206,2.4129,5.4775
27.0,0,-1.0,0.814,1.0,0.0,0.0,0.0,1.94,2.01,4.94
28.0,1,-1.0,0.676,0.0,0.0,0.0,0.0,1.94,2.04,4.99
29.0,1,-1.0,0.676,0.0,1.0,0.0,0.0,3.4716,2.4268,5.3866
30.0,1,-1.0,0.676,0.0,1.0,1.0,0.0,2.9978,2.2461,5.4036
31.0,1,-1.0,0.676,0.0,1.0,2.0,0.0,2.9492,2.5636,5.3934
32.0,1,-1.0,0.77,0.0,0.0,0.0,1.0,2.09,2.01,5.08
33.0,1,-1.0,0.77,0.0,1.0,0.0,1.0,1.9149,3.8207,5.4271
34.0,1,-1.0,0.77,0.0,1.0,1.0,1.0,1.7918,3.3808,5.4748
35.0,0,-3.0,0.746,1.0,0.0,0.0,1.0,2.07,2.0,5.05
36.0,0,-3.0,0.746,1.0,0.0,1.0,1.0,2.6274,3.3346,5.5249
37.0,0,-3.0,0.746,1.0,0.0,2.0,1.0,2.7211,2.6881,5.5334
38.0,0,-3.0,0.91,0.0,0.0,0.0,2.0,1.98,1.98,5.09
39.0,0,-3.0,0.91,0.0,1.0,0.0,2.0,1.97,2.8908,5.3526
40.0,0,-3.0,0.91,0.0,1.0,1.0,2.0,2.0394,1.5401,4.9172
41.0,0,-3.0,0.91,0.0,2.0,1.0,2.0,2.7703,2.1041,5.3108
42.0,0,-3.0,0.91,0.0,3.0,1.0,2.0,1.6308,2.0928,5.0397
43.0,0,-3.0,0.91,0.0,3.0,2.0,2.0,1.7803,2.5108,5.2781
44.0,0,-3.0,0.746,0.0,0.0,0.0,0.0,1.91,1.99,5.05
45.0,0,-4.0,0.73,1.0,0.0,0.0,0.0,2.08,2.05,4.91
46.0,0,-4.0,0.781,0.0,0.0,0.0,1.0,1.92,2.03,4.99
47.0,0,-4.0,0.781,0.0,0.0,1.0,1.0,2.5399,2.4975,5.5445
48.0,0,-4.0,0.781,0.0,1.0,1.0,1.0,2.1474,0.8773,4.8895
49.0,0,-4.0,0.781,0.0,2.0,1.0,1.0,1.4632,1.1439,4.8813
50.0,0,-4.0,0.781,0.0,2.0,2.0,1.0,1.4283,2.1027,5.2172
51.0,0,-4.0,0.781,0.0,3.0,2.0,1.0,2.02,2.5722,5.2869
52.0,1,-4.0,0.817,0.0,0.0,0.0,1.0,1.95,2.08,5.06
53.0,1,-4.0,0.817,0.0,1.0,0.0,1.0,1.3073,1.4475,4.641
54.0,1,-4.0,0.817,0.0,1.0,1.0,1.0,2.6454,2.2727,5.2912
55.0,1,-4.0,0.814,1.0,0.0,0.0,2.0,1.94,1.93,5.0
56.0,0,-4.0,0.676,0.0,0.0,0.0,0.0,2.0,1.95,5.06
57.0,0,-4.0,0.676,0.0,0.0,1.0,0.0,1.2783,1.8533,4.9875
58.0,0,-4.0,0.676,0.0,0.0,2.0,0.0,2.1945,2.9246,5.4098
59.0,0,-4.0,0.676,0.0,1.0,2.0,0.0,2.0539,1.6121,5.2975
60.0,0,-4.0,0.77,0.0,0.0,0.0,1.0,1.97,2.03,5.1
61.0,1,-4.0,0.746,1.0,0.0,0.0,1.0,2.01,2.06,4.96
62.0,3,-4.0,0.91,0.0,0.0,0.0,1.0,2.01,2.07,4.9
63.0,3,-4.0,0.91,0.0,0.0,1.0,1.0,2.3994,2.6776,5.5087
64.0,3,-4.0,0.746,0.0,0.0,0.0,2.0,2.08,2.01,4.96
65.0,3,-4.0,0.746,0.0,0.0,1.0,2.0,2.3236,2.7204,5.5255
66.0,3,-4.0,0.746,0.0,0.0,2.0,2.0,1.9332,2.2924,5.0071
67.0,3,-4.0,0.746,0.0,1.0,2.0,2.0,1.4184,1.5265,4.9788
68.0,0,-2.0,0.73,1.0,0.0,0.0,0.0,1.94,1.92,4.93
69.0,0,-2.0,0.73,1.0,1.0,0.0,0.0,0.9376,2.5672,5.4793
70.0,0,-2.0,0.73,1.0,1.0,1.0,0.0,1.8573,3.1528,5.444
71.0,1,-2.0,0.781,0.0,0.0,0.0,0.0,1.98,2.04,4.91
72.0,1,-2.0,0.781,0.0,1.0,0.0,0.0,2.0041,1.4877,4.7641
73.0,1,-2.0,0.781,0.0,2.0,0.0,0.0,1.99,2.758,5.1142
74.0,1,-2.0,0.781,0.0,2.0,1.0,0.0,1.5789,3.1668,5.4218
75.0,1,-2.0,0.781,0.0,3.0,1.0,0.0,1.3842,3.7462,5.3465
76.0,3,-2.0,0.817,0.0,0.0,0.0,0.0,2.06,1.93,5.03
77.0,3,-2.0,0.817,0.0,1.0,0.0,0.0,1.7276,4.0018,5.3782
78.0,3,-3.0,0.814,1.0,0.0,0.0,0.0,2.1,1.93,5.01
79.0,3,-3.0,0.814,1.0,1.0,0.0,0.0,2.04,2.7434,5.4866
80.0,3,-3.0,0.814,1.0,2.0,0.0,0.0,1.96,2.4189,5.4129
81.0,3,-3.0,0.814,1.0,2.0,1.0,0.0,1.8778,2.2143,5.2034
82.0,0,-6.0,0.676,0.0,0.0,0.0,0.0,2.09,1.95,5.05
83.0,0,-6.0,0.676,0.0,0.0,1.0,0.0,2.0012,2.9766,5.5529
84.0,0,-6.0,0.676,0.0,0.0,2.0,0.0,2.1795,2.8599,5.196
85.0,0,-6.0,0.676,0.0,1.0,2.0,0.0,2.167,3.4596,5.3473
86.0,0,-6.0,0.676,0.0,2.0,2.0,0.0,2.0,2.9564,5.0272
87.0,0,-6.0,0.77,0.0,0.0,0.0,1.0,2.06,1.98,4.99
88.0,0,-6.0,0.77,0.0,0.0,1.0,1.0,2.3016,2.8105,5.5802
89.0,0,-6.0,0.77,0.0,1.0,1.0,1.0,2.04,2.6034,5.0586
90.0,0,-6.0,0.77,0.0,1.0,2.0,1.0,2.2374,2.1741,4.9625
0.0,0,0.0,0.711,0.0,0.0,0.0,0.0,1.94,2.06,5.07
1.0,0,0.0,0.711,0.0,0.0,1.0,0.0,1.6512,3.5466,5.5676
2.0,0,0.0,0.711,0.0,1.0,1.0,0.0,2.1377,3.7954,5.3204
3.0,0,0.0,0.711,0.0,2.0,1.0,0.0,1.5522,3.7146,5.4471
4.0,0,0.0,0.93,0.0,0.0,0.0,1.0,2.07,2.01,5.09
5.0,0,0.0,0.93,0.0,0.0,1.0,1.0,2.2704,3.5531,5.4184
6.0,0,0.0,0.937,0.0,0.0,0.0,2.0,2.03,1.9,5.09
7.0,0,0.0,0.937,0.0,0.0,1.0,2.0,1.2758,2.8932,5.4965
8.0,0,0.0,0.937,0.0,0.0,2.0,2.0,1.7276,3.3395,5.4923
9.0,0,0.0,0.937,0.0,1.0,2.0,2.0,2.4781,1.5835,5.2197
10.0,0,2.0,0.814,1.0,0.0,0.0,0.0,2.0,1.98,5.09
11.0,0,2.0,0.814,1.0,1.0,0.0,0.0,2.0872,4.3764,5.4571
12.0,0,2.0,0.814,1.0,2.0,0.0,0.0,1.5119,3.8003,5.564
13.0,0,2.0,0.814,1.0,2.0,1.0,0.0,2.0627,3.7154,5.4373
14.0,0,2.0,0.814,1.0,2.0,2.0,0.0,2.1344,2.9358,5.2588
15.0,0,2.0,0.814,1.0,2.0,3.0,0.0,1.7881,2.7744,5.0941
16.0,0,2.0,0.814,1.0,3.0,3.0,0.0,2.0374,2.05,5.1905
17.0,0,2.0,0.814,1.0,3.0,4.0,0.0,2.0033,2.8122,5.3309
18.0,0,2.0,0.815,0.0,0.0,0.0,1.0,1.91,2.03,4.91
19.0,0,2.0,0.815,0.0,0.0,1.0,1.0,1.296,1.7313,4.7977
20.0,0,2.0,0.815,0.0,0.0,2.0,1.0,2.6444,2.7025,5.0622
21.0,0,2.0,0.815,0.0,0.0,3.0,1.0,2.5738,3.2908,5.3251
22.0,0,2.0,0.815,0.0,1.0,3.0,1.0,2.4843,1.9776,5.0981
23.0,0,2.0,0.815,0.0,2.0,3.0,1.0,2.5882,2.8133,5.2309
24.0,0,2.0,0.735,1.0,0.0,0.0,2.0,2.02,2.04,5.03
25.0,0,2.0,0.735,1.0,0.0,1.0,2.0,0.8743,2.0149,5.4576
26.0,0,2.0,0.735,1.0,0.0,2.0,2.0,1.7095,2.4443,5.4999
27.0,0,2.0,0.735,1.0,1.0,2.0,2.0,2.0,2.9542,5.5695
28.0,0,2.0,0.735,1.0,2.0,2.0,2.0,2.02,2.6506,5.5365
29.0,0,2.0,0.735,1.0,3.0,2.0,2.0,2.4453,2.6056,5.5088
30.0,0,2.0,0.735,1.0,3.0,3.0,2.0,2.3416,2.6205,5.5812
31.0,0,2.0,0.742,1.0,0.0,0.0,0.0,1.9,2.03,4.96
32.0,0,2.0,0.742,1.0,0.0,1.0,0.0,2.1892,2.0928,5.4466
33.0,0,2.0,0.497,0.0,0.0,0.0,1.0,2.01,1.94,5.0
34.0,0,2.0,0.497,0.0,0.0,1.0,1.0,2.4498,2.4444,5.3793
35.0,0,2.0,0.74,0.0,0.0,0.0,2.0,1.93,1.92,5.04
36.0,0,2.0,0.74,0.0,1.0,0.0,2.0,2.9431,2.8953,5.3401
37.0,0,2.0,0.74,0.0,1.0,1.0,2.0,1.9848,3.1515,5.5451
38.0,0,2.0,0.74,0.0,1.0,2.0,2.0,2.1609,2.5005,5.3737
39.0,0,2.0,0.74,0.0,1.0,3.0,2.0,2.0155,1.8596,4.9647
40.0,0,2.0,0.74,0.0,1.0,4.0,2.0,2.4365,1.9582,5.1896
41.0,0,2.0,0.74,0.0,2.0,4.0,2.0,2.6224,1.4597,5.0793
42.0,0,2.0,0.74,0.0,2.0,5.0,2.0,2.5912,1.4091,5.0062
43.0,0,2.0,0.74,0.0,2.0,6.0,2.0,2.4503,1.6779,5.215
44.0,0,2.0,0.74,0.0,3.0,6.0,2.0,2.0,1.8847,5.1758
45.0,0,5.0,0.711,0.0,0.0,0.0,0.0,1.93,2.0,5.09
46.0,0,5.0,0.711,0.0,1.0,0.0,0.0,2.0006,1.6196,4.7983
47.0,0,5.0,0.711,0.0,1.0,1.0,0.0,2.5893,2.5218,5.1036
48.0,0,5.0,0.711,0.0,1.0,2.0,0.0,1.9287,2.5984,5.3561
49.0,0,5.0,0.93,0.0,0.0,0.0,1.0,1.92,1.92,4.93
50.0,0,5.0,0.93,0.0,1.0,0.0,1.0,2.7395,1.6048,5.2697
51.0,0,5.0,0.93,0.0,1.0,1.0,1.0,2.7788,1.0871,5.1195
52.0,0,5.0,0.93,0.0,2.0,1.0,1.0,1.9172,2.0339,5.3212
53.0,0,5.0,0.937,0.0,0.0,0.0,2.0,1.99,2.08,5.03
54.0,0,5.0,0.937,0.0,0.0,1.0,2.0,1.1735,2.9549,5.5902
55.0,0,5.0,0.937,0.0,0.0,2.0,2.0,1.9657,2.4731,5.1957
56.0,0,6.0,0.814,1.0,0.0,0.0,0.0,2.06,1.97,4.94
57.0,0,6.0,0.814,1.0,1.0,0.0,0.0,2.2085,1.3054,4.9039
58.0,1,6.0,0.815,0.0,0.0,0.0,0.0,1.96,2.0,4.99
59.0,1,6.0,0.815,0.0,0.0,1.0,0.0,0.9338,2.2705,5.2434
60.0,1,6.0,0.815,0.0,0.0,2.0,0.0,1.949,1.9222,5.1271
61.0,3,6.0,0.735,1.0,0.0,0.0,0.0,1.96,1.97,4.92
62.0,3,6.0,0.735,1.0,1.0,0.0,0.0,3.4451,1.4412,4.9269
63.0,3,6.0,0.735,1.0,1.0,1.0,0.0,2.681,2.8743,5.256
64.0,3,6.0,0.735,1.0,2.0,1.0,0.0,2.1069,2.2137,5.4476
65.0,3,6.0,0.735,1.0,2.0,2.0,0.0,2.2499,2.1624,5.225
66.0,3,6.0,0.742,1.0,0.0,0.0,1.0,2.04,1.93,4.98
67.0,3,6.0,0.742,1.0,1.0,0.0,1.0,2.7261,3.7848,5.534
68.0,3,6.0,0.742,1.0,1.0,1.0,1.0,1.9576,2.3097,5.1517
69.0,3,6.0,0.497,0.0,0.0,0.0,2.0,2.02,2.03,5.0
70.0,4,5.0,0.74,0.0,0.0,0.0,2.0,2.01,1.95,5.04
71.0,4,5.0,0.74,0.0,1.0,0.0,2.0,3.2406,4.0729,5.3275
72.0,4,5.0,0.74,0.0,2.0,0.0,2.0,1.99,1.6845,5.2057
73.0,4,5.0,0.74,0.0,2.0,1.0,2.0,2.4457,2.1807,5.407
74.0,4,5.0,0.74,0.0,2.0,2.0,2.0,2.2717,2.0897,5.2987
75.0,4,5.0,0.74,0.0,2.0,3.0,2.0,2.1469,1.9043,4.9489
76.0,0,7.0,0.711,0.0,0.0,0.0,0.0,2.02,2.09,5.03
77.0,0,7.0,0.93,0.0,0.0,0.0,1.0,2.08,2.07,5.01
78.0,0,7.0,0.93,0.0,1.0,0.0,1.0,2.01,2.7427,5.492
79.0,0,7.0,0.93,0.0,1.0,1.0,1.0,1.9619,2.1025,5.0017
80.0,0,7.0,0.937,0.0,0.0,0.0,2.0,2.0,2.09,5.05
81.0,0,7.0,0.937,0.0,1.0,0.0,2.0,2.0985,3.927,5.5209
82.0,0,7.0,0.937,0.0,2.0,0.0,2.0,3.0976,1.4212,5.1787
83.0,0,7.0,0.937,0.0,2.0,1.0,2.0,2.5276,1.7031,5.3808
84.0,0,7.0,0.937,0.0,2.0,2.0,2.0,2.2694,2.4574,5.2734
85.0,0,9.0,0.814,1.0,0.0,0.0,0.0,1.95,2.06,4.91
86.0,0,9.0,0.814,1.0,0.0,1.0,0.0,2.2854,3.165,5.4362
87.0,0,9.0,0.814,1.0,0.0,2.0,0.0,2.4413,3.1668,5.3693
88.0,0,9.0,0.815,0.0,0.0,0.0,1.0,1.93,2.08,4.94
89.0,0,9.0,0.815,0.0,1.0,0.0,1.0,1.99,1.9473,5.0729
90.0,0,9.0,0.815,0.0,2.0,0.0,1.0,3.1055,0.726,4.8192
91.0,0,9.0,0.815,0.0,2.0,1.0,1.0,3.2489,1.6307,5.2047
92.0,0,9.0,0.815,0.0,3.0,1.0,1.0,3.2265,1.8825,5.3499
93.0,0,9.0,0.735,1.0,0.0,0.0,2.0,1.91,2.07,5.01
94.0,0,9.0,0.735,1.0,1.0,0.0,2.0,2.2211,1.5278,5.4888
95.0,0,9.0,0.735,1.0,2.0,0.0,2.0,2.8704,1.6835,4.9866
96.0,0,9.0,0.735,1.0,2.0,1.0,2.0,2.7791,2.1966,5.3453
0.0,0,0.0,0.78,0.0,0.0,0.0,0.0,1.97,1.97,5.01
1.0,0,0.0,0.78,0.0,1.0,0.0,0.0,0.684,2.3436,5.6407
2.0,0,0.0,0.78,0.0,1.0,1.0,0.0,1.0573,2.368,5.6623
3.0,0,0.0,0.78,0.0,1.0,2.0,0.0,1.8464,2.2956,5.4704
4.0,0,0.0,0.78,0.0,2.0,2.0,0.0,1.9349,1.5602,5.1269
5.0,0,0.0,0.78,0.0,3.0,2.0,0.0,2.337,1.2006,5.2338
6.0,0,0.0,0.78,0.0,3.0,3.0,0.0,2.2633,1.6807,5.1818
7.0,0,0.0,0.684,1.0,0.0,0.0,1.0,1.99,2.06,4.9
8.0,0,0.0,0.684,1.0,1.0,0.0,1.0,0.8042,2.9382,5.609
9.0,0,0.0,0.684,1.0,1.0,1.0,1.0,0.9819,2.928,5.6635
10.0,0,0.0,0.684,1.0,2.0,1.0,1.0,2.1335,2.4711,5.2593
11.0,0,0.0,0.684,1.0,2.0,2.0,1.0,1.8654,2.6709,5.4507
12.0,0,0.0,0.721,0.0,0.0,0.0,2.0,2.08,1.95,5.01
13.0,0,0.0,0.721,0.0,0.0,1.0,2.0,2.9872,3.5157,5.4215
14.0,0,0.0,0.721,0.0,1.0,1.0,2.0,3.1049,3.6618,5.4802
15.0,0,1.0,0.724,0.0,0.0,0.0,0.0,2.03,1.9,4.96
16.0,1,1.0,0.773,1.0,0.0,0.0,0.0,2.09,2.02,4.95
17.0,1,1.0,0.773,1.0,0.0,1.0,0.0,3.087,3.0216,4.908
18.0,1,1.0,0.773,1.0,0.0,2.0,0.0,1.8665,2.9176,5.3879
19.0,1,1.0,0.773,1.0,1.0,2.0,0.0,2.4928,1.8442,5.0227
20.0,1,1.0,0.773,1.0,2.0,2.0,0.0,2.5274,1.3392,4.9805
21.0,1,1.0,0.773,1.0,2.0,3.0,0.0,1.9858,2.0835,5.2234
22.0,1,1.0,0.773,1.0,3.0,3.0,0.0,2.3412,2.2629,5.2092
23.0,1,1.0,0.773,1.0,3.0,4.0,0.0,2.3813,2.5539,5.3406
24.0,1,1.0,0.627,0.0,0.0,0.0,1.0,1.94,1.98,4.95
25.0,1,1.0,0.627,0.0,0.0,1.0,1.0,1.7166,2.5082,5.5443
26.0,1,1.0,0.627,0.0,0.0,2.0,1.0,1.681,2.5465,5.6226
27.0,1,1.0,0.463,1.0,0.0,0.0,2.0,2.04,1.94,5.1
28.0,4,1.0,0.604,1.0,0.0,0.0,2.0,1.99,2.04,5.0
29.0,4,1.0,0.604,1.0,0.0,1.0,2.0,2.6983,2.5174,5.1078
30.0,0,1.0,0.353,1.0,0.0,0.0,0.0,2.01,1.92,4.91
31.0,1,1.0,0.78,0.0,0.0,0.0,0.0,1.96,2.08,4.96
32.0,1,1.0,0.78,0.0,0.0,1.0,0.0,2.0675,2.3899,4.639
33.0,1,1.0,0.78,0.0,0.0,2.0,0.0,1.8132,3.1297,5.1446
34.0,1,1.0,0.684,1.0,0.0,0.0,1.0,2.06,2.06,4.97
35.0,1,1.0,0.684,1.0,1.0,0.0,1.0,1.97,1.9471,5.018
36.0,1,1.0,0.684,1.0,2.0,0.0,1.0,3.105,1.6762,4.8888
37.0,1,1.0,0.684,1.0,2.0,1.0,1.0,2.7476,2.4519,5.3511
38.0,1,1.0,0.684,1.0,2.0,2.0,1.0,2.2473,3.1284,5.3824
39.0,1,1.0,0.684,1.0,3.0,2.0,1.0,2.6709,2.2905,5.2426
40.0,3,1.0,0.721,0.0,0.0,0.0,1.0,1.95,2.07,4.98
41.0,3,1.0,0.721,0.0,1.0,0.0,1.0,3.2572,3.8655,5.2479
42.0,3,1.0,0.721,0.0,2.0,0.0,1.0,3.2896,3.4726,5.5652
43.0,3,1.0,0.721,0.0,2.0,1.0,1.0,3.3633,2.9624,5.3816
44.0,3,1.0,0.721,0.0,2.0,2.0,1.0,2.6282,2.8516,5.2834
45.0,3,1.0,0.721,0.0,3.0,2.0,1.0,2.6327,2.3427,5.3776
46.0,3,1.0,0.721,0.0,3.0,3.0,1.0,2.7241,2.3848,5.2871
47.0,3,1.0,0.721,0.0,3.0,4.0,1.0,2.6701,2.6714,5.3707
48.0,3,1.0,0.721,0.0,3.0,5.0,1.0,2.7366,2.5008,5.2578
49.0,3,1.0,0.724,0.0,0.0,0.0,2.0,2.02,1.96,4.98
50.0,3,1.0,0.724,0.0,0.0,1.0,2.0,2.2997,2.4071,5.5296
51.0,3,1.0,0.724,0.0,1.0,1.0,2.0,2.6198,1.5148,5.3815
52.0,3,1.0,0.724,0.0,2.0,1.0,2.0,1.7796,1.5258,5.5627
53.0,0,1.0,0.773,1.0,0.0,0.0,0.0,2.04,2.04,4.94
54.0,0,1.0,0.773,1.0,1.0,0.0,0.0,1.99,2.0291,5.3951
55.0,0,1.0,0.773,1.0,1.0,1.0,0.0,1.0025,2.2427,5.4589
56.0,0,1.0,0.773,1.0,2.0,1.0,0.0,2.2029,2.5782,5.5933
57.0,0,1.0,0.773,1.0,2.0,2.0,0.0,2.5991,2.3393,5.1713
58.0,1,1.0,0.627,0.0,0.0,0.0,0.0,2.08,1.91,4.99
59.0,1,1.0,0.627,0.0,0.0,1.0,0.0,0.9841,3.522,5.5523
60.0,1,1.0,0.627,0.0,0.0,2.0,0.0,1.3336,3.5842,5.4599
61.0,1,1.0,0.463,1.0,0.0,0.0,1.0,2.03,2.01,5.06
62.0,1,1.0,0.463,1.0,1.0,0.0,1.0,1.0817,2.9098,5.4971
63.0,0,2.0,0.604,1.0,0.0,0.0,0.0,1.99,2.0,5.05
64.0,0,2.0,0.353,1.0,0.0,0.0,1.0,1.94,1.97,5.05
65.0,0,2.0,0.353,1.0,1.0,0.0,1.0,2.04,1.7279,5.4135
66.0,0,2.0,0.353,1.0,1.0,1.0,1.0,2.5647,2.0419,5.4651
67.0,0,2.0,0.353,1.0,2.0,1.0,1.0,3.0963,1.8215,5.1358
68.0,1,2.0,0.78,0.0,0.0,0.0,1.0,2.03,1.99,5.04
69.0,1,2.0,0.78,0.0,0.0,1.0,1.0,1.3879,2.8482,5.4787
70.0,1,2.0,0.78,0.0,1.0,1.0,1.0,2.4152,1.5961,5.3321
71.0,1,2.0,0.78,0.0,2.0,1.0,1.0,1.594,1.9054,5.3175
72.0,1,2.0,0.78,0.0,2.0,2.0,1.0,2.1145,2.2569,5.3339
73.0,1,2.0,0.78,0.0,2.0,3.0,1.0,2.0249,1.8009,5.1668
74.0,1,2.0,0.78,0.0,2.0,4.0,1.0,2.2845,1.847,4.9384
75.0,1,2.0,0.78,0.0,3.0,4.0,1.0,1.9536,2.2345,5.1714
76.0,0,3.0,0.684,1.0,0.0,0.0,0.0,1.95,2.09,4.95
77.0,0,3.0,0.684,1.0,0.0,1.0,0.0,1.2766,3.0856,5.4935
78.0,0,3.0,0.684,1.0,1.0,1.0,0.0,2.6957,3.2772,5.4966
79.0,0,3.0,0.684,1.0,2.0,1.0,0.0,2.7062,2.4053,5.0513
80.0,0,3.0,0.684,1.0,2.0,2.0,0.0,2.577,2.8401,5.3327
81.0,1,3.0,0.721,0.0,0.0,0.0,0.0,2.01,1.94,4.98
82.0,1,3.0,0.721,0.0,0.0,1.0,0.0,2.1915,3.688,5.5298
83.0,1,3.0,0.721,0.0,0.0,2.0,0.0,2.531,3.5386,5.2541
84.0,1,3.0,0.721,0.0,1.0,2.0,0.0,1.95,1.5994,5.001
85.0,0,3.0,0.724,0.0,0.0,0.0,1.0,1.91,1.92,4.92
86.0,0,3.0,0.724,0.0,0.0,1.0,1.0,1.3727,2.2242,5.5051
87.0,0,3.0,0.724,0.0,1.0,1.0,1.0,1.8493,2.03,5.4844
88.0,0,3.0,0.724,0.0,1.0,2.0,1.0,2.0231,1.83,5.2837
89.0,0,3.0,0.724,0.0,2.0,2.0,1.0,2.5568,2.1436,5.302
90.0,0,3.0,0.724,0.0,3.0,2.0,1.0,2.8807,1.6293,5.2456
91.0,0,3.0,0.724,0.0,3.0,3.0,1.0,2.5071,2.0576,5.4009
92.0,1,3.0,0.773,1.0,0.0,0.0,1.0,2.04,2.07,5.1
93.0,1,3.0,0.773,1.0,0.0,1.0,1.0,1.797,2.7981,4.8717
94.0,1,3.0,0.773,1.0,1.0,1.0,1.0,1.99,1.2741,5.0241
95.0,0,3.0,0.627,0.0,0.0,0.0,0.0,1.96,2.0,4.93
96.0,0,3.0,0.463,1.0,0.0,0.0,1.0,2.03,1.92,4.94
97.0,0,3.0,0.463,1.0,0.0,1.0,1.0,2.799,2.0621,4.9328
98.0,0,3.0,0.463,1.0,1.0,1.0,1.0,3.0899,1.7209,4.9297
99.0,0,3.0,0.604,1.0,0.0,0.0,2.0,1.97,2.0,4.92
100.0,0,3.0,0.604,1.0,0.0,1.0,2.0,2.2325,2.5338,4.8691
101.0,0,3.0,0.604,1.0,1.0,1.0,2.0,2.8017,1.4248,4.7767
102.0,0,3.0,0.604,1.0,2.0,1.0,2.0,2.9552,2.1208,5.1085
103.0,0,3.0,0.604,1.0,2.0,2.0,2.0,2.8857,2.5082,5.3157
104.0,0,3.0,0.604,1.0,2.0,3.0,2.0,2.5441,2.6921,5.3265
105.0,1,3.0,0.353,1.0,0.0,0.0,2.0,2.05,2.09,4.92
106.0,1,3.0,0.353,1.0,0.0,1.0,2.0,1.6701,3.0834,5.6065
107.0,1,3.0,0.353,1.0,0.0,2.0,2.0,1.7483,3.4247,5.4202
108.0,1,3.0,0.353,1.0,0.0,3.0,2.0,1.3978,2.6615,5.1983
109.0,1,3.0,0.353,1.0,1.0,3.0,2.0,1.8685,2.9829,5.234
110.0,1,3.0,0.353,1.0,2.0,3.0,2.0,1.6534,2.3685,5.3003
111.0,1,3.0,0.353,1.0,2.0,4.0,2.0,1.8288,2.49,5.3105
112.0,1,3.0,0.353,1.0,2.0,5.0,2.0,1.8117,2.9104,5.2825
113.0,1,3.0,0.353,1.0,3.0,5.0,2.0,2.1221,2.4589,5.2678
114.0,1,3.0,0.353,1.0,3.0,6.0,2.0,1.8703,2.6162,5.3531
0.0,0,0.0,0.675,1.0,0.0,0.0,0.0,2.06,2.06,5.04
1.0,0,0.0,0.675,1.0,0.0,1.0,0.0,2.2486,2.662,5.2626
2.0,0,0.0,0.675,1.0,0.0,2.0,0.0,2.79,2.7236,5.4028
3.0,0,0.0,0.772,0.0,0.0,0.0,1.0,1.9,1.96,4.97
4.0,0,0.0,0.772,0.0,0.0,1.0,1.0,2.6904,3.5209,5.4487
5.0,0,0.0,0.772,0.0,0.0,2.0,1.0,2.5473,3.2666,5.6079
6.0,1,0.0,0.745,0.0,0.0,0.0,1.0,1.9,1.9,5.08
7.0,1,0.0,0.745,0.0,1.0,0.0,1.0,1.3453,3.6724,5.4571
8.0,1,0.0,0.745,0.0,1.0,1.0,1.0,1.3824,2.4274,5.2814
9.0,1,0.0,0.843,1.0,0.0,0.0,2.0,2.01,2.0,4.94
10.0,1,0.0,0.843,1.0,0.0,1.0,2.0,2.1188,2.4853,5.5945
11.0,0,0.0,0.811,0.0,0.0,0.0,0.0,2.06,2.01,5.03
12.0,0,0.0,0.811,0.0,1.0,0.0,0.0,0.7885,2.648,5.0645
13.0,0,0.0,0.811,0.0,1.0,1.0,0.0,1.4082,2.2323,4.8965
14.0,2,0.0,0.651,1.0,0.0,0.0,0.0,1.99,1.96,5.04
15.0,2,0.0,0.651,1.0,1.0,0.0,0.0,2.02,1.7048,4.9433
16.0,2,0.0,0.651,1.0,2.0,0.0,0.0,2.8959,2.9248,5.2009
17.0,2,0.0,0.651,1.0,2.0,1.0,0.0,2.0738,2.3962,5.3696
18.0,2,0.0,0.651,1.0,3.0,1.0,0.0,2.4064,3.0249,5.4405
19.0,2,0.0,0.651,1.0,3.0,2.0,0.0,2.498,2.6632,5.1805
20.0,2,0.0,0.667,1.0,0.0,0.0,1.0,1.99,1.96,4.91
21.0,2,0.0,0.675,0.0,0.0,0.0,2.0,2.08,2.03,4.96
22.0,2,-1.0,0.67,1.0,0.0,0.0,2.0,2.07,2.02,4.96
23.0,2,-1.0,0.67,1.0,0.0,1.0,2.0,1.61,2.5099,4.9953
24.0,2,-1.0,0.67,1.0,1.0,1.0,2.0,0.8949,2.7289,5.2576
25.0,0,0.0,0.675,1.0,0.0,0.0,0.0,1.96,2.0,4.96
26.0,0,0.0,0.675,1.0,0.0,1.0,0.0,2.3083,3.4211,5.3851
27.0,0,0.0,0.675,1.0,0.0,2.0,0.0,1.6732,2.913,5.4135
28.0,0,0.0,0.675,1.0,1.0,2.0,0.0,2.525,3.2816,5.4824
29.0,0,0.0,0.675,1.0,1.0,3.0,0.0,2.5509,3.417,5.4686
30.0,0,0.0,0.772,0.0,0.0,0.0,1.0,2.0,2.01,5.09
31.0,0,0.0,0.745,0.0,0.0,0.0,2.0,1.97,1.91,5.03
32.0,0,0.0,0.745,0.0,0.0,1.0,2.0,1.5778,1.5617,4.9522
33.0,0,0.0,0.745,0.0,1.0,1.0,2.0,1.97,0.7722,4.7527
34.0,0,0.0,0.745,0.0,2.0,1.0,2.0,1.1265,1.5606,5.1659
35.0,0,0.0,0.745,0.0,2.0,2.0,2.0,1.505,1.8442,5.3235
36.0,0,0.0,0.745,0.0,3.0,2.0,2.0,1.4345,1.99,5.407
37.0,1,0.0,0.843,1.0,0.0,0.0,2.0,2.08,1.97,4.96
38.0,1,0.0,0.843,1.0,1.0,0.0,2.0,2.3784,1.6932,4.9922
39.0,1,0.0,0.843,1.0,1.0,1.0,2.0,2.5396,2.758,5.356
40.0,1,0.0,0.843,1.0,2.0,1.0,2.0,2.8239,3.1664,5.3626
41.0,0,0.0,0.811,0.0,0.0,0.0,0.0,2.09,1.94,4.93
42.0,0,0.0,0.811,0.0,0.0,1.0,0.0,1.2604,2.4717,5.4135
43.0,0,0.0,0.811,0.0,1.0,1.0,0.0,1.9452,1.9116,5.0491
44.0,0,0.0,0.811,0.0,1.0,2.0,0.0,1.7027,1.9218,5.316
45.0,0,0.0,0.811,0.0,2.0,2.0,0.0,2.2032,1.5637,5.1702
46.0,0,0.0,0.811,0.0,2.0,3.0,0.0,2.3264,1.6565,4.9211
47.0,0,0.0,0.811,0.0,3.0,3.0,0.0,2.0637,2.3708,5.0769
48.0,0,0.0,0.811,0.0,3.0,4.0,0.0,1.958,2.592,5.3282
49.0,1,0.0,0.651,1.0,0.0,0.0,0.0,1.94,2.01,5.02
50.0,1,0.0,0.651,1.0,0.0,1.0,0.0,1.507,3.3899,5.3893
51.0,1,0.0,0.651,1.0,0.0,2.0,0.0,1.2228,3.0199,5.447
52.0,1,0.0,0.651,1.0,1.0,2.0,0.0,2.3556,2.1843,5.2515
53.0,1,0.0,0.667,1.0,0.0,0.0,1.0,1.94,2.03,5.04
54.0,1,0.0,0.667,1.0,0.0,1.0,1.0,2.2739,3.5256,5.4971
55.0,1,0.0,0.667,1.0,0.0,2.0,1.0,1.5123,3.4292,5.4448
56.0,1,0.0,0.675,0.0,0.0,0.0,2.0,2.06,1.9,5.07
57.0,1,0.0,0.675,0.0,0.0,1.0,2.0,1.2631,2.5303,5.5829
58.0,2,-1.0,0.67,1.0,0.0,0.0,2.0,1.98,2.05,4.98
59.0,2,-1.0,0.67,1.0,0.0,1.0,2.0,1.4943,3.5016,5.606
60.0,2,-1.0,0.67,1.0,1.0,1.0,2.0,2.6917,2.4599,5.0521
61.0,2,-1.0,0.67,1.0,1.0,2.0,2.0,1.9321,2.5031,5.2494
62.0,2,-1.0,0.67,1.0,2.0,2.0,2.0,2.5113,2.6017,5.4303
63.0,2,-1.0,0.67,1.0,3.0,2.0,2.0,1.95,2.4912,5.3401
64.0,2,-1.0,0.67,1.0,3.0,3.0,2.0,2.4403,2.4609,5.3783
65.0,2,-1.0,0.67,1.0,3.0,4.0,2.0,2.1878,2.4348,5.2893
66.0,0,-1.0,0.675,1.0,0.0,0.0,0.0,1.94,2.01,5.09
67.0,0,-1.0,0.675,1.0,1.0,0.0,0.0,0.8713,2.9227,4.7735
68.0,0,-1.0,0.675,1.0,1.0,1.0,0.0,1.9474,3.3406,4.8343
69.0,0,-1.0,0.675,1.0,2.0,1.0,0.0,1.6865,3.6845,5.1077
70.0,0,-1.0,0.675,1.0,2.0,2.0,0.0,1.9022,3.3328,5.2853
71.0,0,-1.0,0.772,0.0,0.0,0.0,1.0,2.03,2.07,4.97
72.0,0,-1.0,0.772,0.0,0.0,1.0,1.0,1.8281,3.5024,5.5182
73.0,0,-1.0,0.772,0.0,0.0,2.0,1.0,2.1098,3.7911,5.3682
74.0,0,-1.0,0.772,0.0,1.0,2.0,1.0,1.6842,3.9962,5.4398
75.0,0,-1.0,0.772,0.0,2.0,2.0,1.0,1.6665,3.0323,5.1323
76.0,0,-1.0,0.745,0.0,0.0,0.0,2.0,1.93,2.05,5.1
77.0,0,-1.0,0.745,0.0,0.0,1.0,2.0,1.4729,3.3435,5.3866
78.0,0,-1.0,0.745,0.0,0.0,2.0,2.0,1.9968,3.5444,5.4844
79.0,0,-1.0,0.745,0.0,1.0,2.0,2.0,2.6107,1.5923,5.2039
80.0,0,-1.0,0.745,0.0,2.0,2.0,2.0,2.1577,2.6085,5.2846
81.0,2,-1.0,0.843,1.0,0.0,0.0,2.0,1.94,2.01,4.96
82.0,2,-1.0,0.843,1.0,1.0,0.0,2.0,2.0,2.0863,4.9244
83.0,2,-1.0,0.843,1.0,2.0,0.0,2.0,3.383,3.0816,5.239
84.0,2,-1.0,0.843,1.0,2.0,1.0,2.0,2.9048,3.1853,5.5017
85.0,2,-1.0,0.843,1.0,2.0,2.0,2.0,2.7656,2.75,5.084
86.0,0,1.0,0.811,0.0,0.0,0.0,0.0,2.03,2.05,4.93
87.0,0,1.0,0.811,0.0,0.0,1.0,0.0,2.0786,1.5567,4.7272
88.0,0,1.0,0.811,0.0,0.0,2.0,0.0,2.4889,2.7116,5.221
89.0,0,1.0,0.811,0.0,1.0,2.0,0.0,2.4012,3.2038,5.1949
90.0,0,1.0,0.811,0.0,1.0,3.0,0.0,1.9887,3.019,5.0905
91.0,0,1.0,0.651,1.0,0.0,0.0,1.0,2.09,1.91,4.97
92.0,0,1.0,0.651,1.0,1.0,0.0,1.0,2.5823,1.2229,4.8055
93.0,1,1.0,0.667,1.0,0.0,0.0,1.0,2.01,2.1,4.93
94.0,1,1.0,0.675,0.0,0.0,0.0,2.0,1.93,2.0,5.04
95.0,1,1.0,0.675,0.0,0.0,1.0,2.0,2.5186,3.5559,5.3746
96.0,1,1.0,0.675,0.0,0.0,2.0,2.0,2.0668,3.3305,5.32
97.0,1,1.0,0.675,0.0,1.0,2.0,2.0,2.0637,3.8558,5.4712
98.0,1,1.0,0.675,0.0,1.0,3.0,2.0,2.3155,2.6611,5.1099
99.0,1,1.0,0.675,0.0,2.0,3.0,2.0,2.5777,2.5554,5.2001
100.0,1,1.0,0.675,0.0,3.0,3.0,2.0,2.2516,2.9732,5.3031
101.0,1,1.0,0.675,0.0,3.0,4.0,2.0,2.0906,2.9096,5.4187
0.0,0,0.0,0.993,0.0,0.0,0.0,0.0,1.96,2.08,5.07
1.0,0,0.0,0.993,0.0,0.0,1.0,0.0,1.09,2.5398,5.5196
2.0,0,0.0,0.993,0.0,0.0,2.0,0.0,2.2208,3.2434,5.5096
3.0,0,0.0,0.753,1.0,0.0,0.0,1.0,2.01,2.05,5.03
4.0,0,0.0,0.753,1.0,0.0,1.0,1.0,2.7147,2.9094,5.6069
5.0,0,0.0,0.753,1.0,1.0,1.0,1.0,2.8821,2.9317,5.5108
6.0,0,0.0,0.753,1.0,1.0,2.0,1.0,2.149,2.7745,5.4957
7.0,0,0.0,0.753,1.0,1.0,3.0,1.0,1.9676,2.1596,5.1936
8.0,0,0.0,0.753,1.0,2.0,3.0,1.0,2.2659,1.4217,5.1525
9.0,1,0.0,0.857,0.0,0.0,0.0,1.0,2.08,1.99,5.03
10.0,1,0.0,0.857,0.0,1.0,0.0,1.0,3.3825,3.4044,5.4053
11.0,2,0.0,0.811,1.0,0.0,0.0,2.0,1.9,1.92,4.93
12.0,2,0.0,0.811,1.0,0.0,1.0,2.0,2.3332,3.1813,5.5623
13.0,2,0.0,0.811,1.0,0.0,2.0,2.0,2.5715,2.3445,5.1915
14.0,4,0.0,0.52,0.0,0.0,0.0,2.0,1.9,1.99,5.03
15.0,4,0.0,0.52,0.0,0.0,1.0,2.0,2.9422,3.4649,5.341
16.0,4,0.0,0.52,0.0,1.0,1.0,2.0,2.9665,3.6855,5.4982
17.0,4,0.0,0.52,0.0,1.0,2.0,2.0,2.759,3.672,5.5742
18.0,0,0.0,0.744,1.0,0.0,0.0,0.0,1.92,1.99,5.07
19.0,0,0.0,0.701,0.0,0.0,0.0,1.0,2.03,2.08,4.91
20.0,0,0.0,0.701,0.0,1.0,0.0,1.0,0.8053,2.5395,5.4345
21.0,0,0.0,0.575,1.0,0.0,0.0,2.0,1.92,2.02,5.09
22.0,0,0.0,0.575,1.0,0.0,1.0,2.0,2.4367,3.3495,5.4691
23.0,0,0.0,0.575,1.0,1.0,1.0,2.0,2.03,3.1054,5.0861
24.0,0,3.0,0.622,0.0,0.0,0.0,0.0,1.98,1.94,5.0
25.0,0,3.0,0.622,0.0,0.0,1.0,0.0,1.4799,2.9061,5.3809
26.0,0,3.0,0.622,0.0,1.0,1.0,0.0,2.02,2.5862,5.3291
27.0,0,3.0,0.622,0.0,2.0,1.0,0.0,1.9843,3.1926,5.2283
28.0,0,3.0,0.993,0.0,0.0,0.0,1.0,1.91,1.97,4.93
29.0,0,3.0,0.993,0.0,0.0,1.0,1.0,1.9153,1.4621,4.753
30.0,1,3.0,0.753,1.0,0.0,0.0,1.0,1.92,2.06,5.01
31.0,1,3.0,0.753,1.0,1.0,0.0,1.0,2.01,3.3878,5.4866
32.0,1,3.0,0.753,1.0,1.0,1.0,1.0,2.8085,2.5826,5.0789
33.0,1,3.0,0.753,1.0,2.0,1.0,1.0,2.8402,2.2031,5.2868
34.0,1,3.0,0.753,1.0,2.0,2.0,1.0,2.4566,2.4741,5.3012
35.0,1,3.0,0.753,1.0,2.0,3.0,1.0,2.5041,2.6558,5.3916
36.0,1,3.0,0.753,1.0,3.0,3.0,1.0,2.4667,2.0673,5.243
37.0,1,3.0,0.857,0.0,0.0,0.0,2.0,1.92,1.93,4.99
38.0,1,3.0,0.857,0.0,0.0,1.0,2.0,1.9655,2.4023,5.4907
39.0,1,3.0,0.857,0.0,0.0,2.0,2.0,2.2299,2.8521,5.2926
40.0,1,3.0,0.857,0.0,1.0,2.0,2.0,2.3856,2.1722,5.3606
41.0,0,3.0,0.811,1.0,0.0,0.0,0.0,1.95,2.04,4.92
42.0,0,3.0,0.811,1.0,0.0,1.0,0.0,2.0681,2.0509,4.9286
43.0,0,3.0,0.811,1.0,1.0,1.0,0.0,2.01,2.2073,4.8471
44.0,0,3.0,0.811,1.0,1.0,2.0,0.0,1.6428,2.034,5.134
45.0,0,3.0,0.52,0.0,0.0,0.0,1.0,1.92,2.03,4.95
46.0,0,3.0,0.52,0.0,0.0,1.0,1.0,2.6775,3.0372,5.4993
47.0,0,3.0,0.52,0.0,0.0,2.0,1.0,2.5377,2.1147,5.0083
48.0,0,3.0,0.744,1.0,0.0,0.0,2.0,2.1,2.06,5.1
49.0,0,9.0,0.701,0.0,0.0,0.0,0.0,1.96,1.94,4.94
50.0,0,9.0,0.701,0.0,0.0,1.0,0.0,1.0571,2.3382,5.402
51.0,0,9.0,0.701,0.0,1.0,1.0,0.0,2.6189,1.3499,5.177
52.0,0,9.0,0.701,0.0,1.0,2.0,0.0,2.4239,2.5846,5.311
53.0,0,9.0,0.701,0.0,2.0,2.0,0.0,2.03,1.7958,5.3255
54.0,0,9.0,0.701,0.0,3.0,2.0,0.0,1.9118,2.59,5.288
55.0,0,9.0,0.575,1.0,0.0,0.0,1.0,2.0,2.02,5.09
56.0,0,9.0,0.575,1.0,0.0,1.0,1.0,0.6261,2.6388,5.4877
57.0,0,9.0,0.575,1.0,0.0,2.0,1.0,2.0894,2.4735,5.1602
58.0,0,9.0,0.575,1.0,1.0,2.0,1.0,2.433,1.1387,4.9087
59.0,0,9.0,0.622,0.0,0.0,0.0,2.0,2.03,2.01,4.95
60.0,0,9.0,0.622,0.0,1.0,0.0,2.0,2.8509,3.8627,5.3521
61.0,0,9.0,0.622,0.0,2.0,0.0,2.0,2.6626,3.9324,5.4216
62.0,0,9.0,0.622,0.0,2.0,1.0,2.0,2.5119,3.6316,5.3801
63.0,0,9.0,0.622,0.0,3.0,1.0,2.0,2.3159,2.8813,5.1828
64.0,0,8.0,0.993,0.0,0.0,0.0,2.0,1.9,1.98,4.96
65.0,0,8.0,0.993,0.0,1.0,0.0,2.0,2.0117,1.95,5.4815
66.0,0,8.0,0.993,0.0,2.0,0.0,2.0,2.5403,1.1221,4.9154
67.0,0,8.0,0.993,0.0,3.0,0.0,2.0,2.9786,1.8998,5.0318
68.0,1,8.0,0.753,1.0,0.0,0.0,2.0,1.99,2.06,4.9
69.0,1,8.0,0.753,1.0,1.0,0.0,2.0,2.1482,1.7077,5.5071
70.0,1,8.0,0.753,1.0,2.0,0.0,2.0,2.7759,1.9326,5.2226
71.0,1,8.0,0.753,1.0,3.0,0.0,2.0,2.941,2.6479,5.3698
72.0,3,8.0,0.857,0.0,0.0,0.0,2.0,2.03,2.03,5.0
73.0,3,8.0,0.857,0.0,0.0,1.0,2.0,2.7428,3.3826,5.4431
74.0,3,8.0,0.857,0.0,1.0,1.0,2.0,2.93,3.2908,5.5455
75.0,3,8.0,0.857,0.0,1.0,2.0,2.0,2.6028,3.6313,5.4831
